Rk,Player,Pos,Age,Tm,G,MP,PER,TS%,eFG%,FTr,3PAr,ORB%,DRB%,TRB%,AST%,STL%,BLK%,TOV%,USG%,ORtg,DRtg,OWS,DWS,WS,WS/48
1,DeAndre Liggins,SG,25,MIA,1,1,128.3,1,1,0,0,100,0,62.5,0,0,0,0,47.5,205,116,0,0,0,2.123
2,Tony Mitchell,SF,24,MIL,3,10,31,0.6,0.6,0,0.2,11,0,5.7,22.7,5.2,0,0,22.6,132,109,0,0,0.1,0.243
3,Kevin Durant,SF,25,OKC,69,2654,30.4,0.639,0.564,0.488,0.285,2.2,19.4,11.2,27.2,1.7,1.6,12.4,32.9,123,102,13.1,4,17.1,0.31
4,LeBron James,PF,29,MIA,66,2489,29.1,0.649,0.612,0.42,0.221,3.6,18.6,11.4,31.7,2.3,0.8,14.4,30.4,121,105,10.5,3,13.5,0.26
5,Kevin Love,PF,25,MIN,66,2408,27.9,0.594,0.528,0.449,0.35,8.6,29.8,18.8,20.9,1.1,1,9.4,28.7,122,104,10,3.2,13.2,0.262
6,Anthony Davis,C,20,NOP,61,2211,27.2,0.59,0.531,0.435,0.007,10.4,23.2,16.7,7.6,2,6.6,8.6,25.2,120,104,7.3,2.9,10.2,0.222
7,Chris Paul,PG,28,LAC,52,1811,26.1,0.572,0.501,0.401,0.211,1.9,11.5,6.9,50.3,3.6,0.2,12.7,23.9,124,102,7.4,2.7,10.2,0.27
8,DeMarcus Cousins,C,23,SAC,60,1935,25.8,0.553,0.49,0.532,0.007,11,30.5,20.7,17.2,2.4,3.2,15,32.3,107,101,3.5,3.2,6.7,0.166
9,Brook Lopez,C,25,BRK,17,533,25.5,0.629,0.563,0.502,0.004,8.7,14.1,11.4,6.1,0.9,4.7,9.1,27.1,121,107,1.9,0.5,2.4,0.216
10,Carmelo Anthony,PF,29,NYK,67,2601,24.9,0.562,0.505,0.326,0.253,5.8,19.5,12.4,15.6,1.6,1.5,9.2,32.7,113,108,7.5,2.1,9.6,0.177
11,Drew Gooden,C,32,WAS,12,209,24.7,0.634,0.601,0.149,0.128,11.9,24.8,18.2,6.3,1.5,2,9.1,23.7,122,103,0.7,0.3,1,0.223
12,Blake Griffin,PF,24,LAC,71,2569,23.9,0.583,0.536,0.489,0.033,7.8,21.7,15,18.6,1.6,1.3,12,29.1,114,103,7.2,3.8,11,0.206
13,Russell Westbrook,PG,25,OKC,37,1137,23.9,0.541,0.48,0.365,0.277,4.3,15.9,10.4,39.9,3.1,0.3,16.8,33.8,107,101,2.2,1.9,4.1,0.171
14,Brandan Wright,C,26,DAL,47,854,23.8,0.688,0.672,0.325,0,10.7,15.6,13.1,4.9,1.6,4.1,8.2,18.1,134,107,3.2,0.8,4,0.227
15,Stephen Curry,PG,25,GSW,68,2480,23.3,0.602,0.556,0.263,0.445,1.8,11.1,6.5,40,2.1,0.4,16.4,28.1,115,103,7.6,3.5,11.1,0.214
16,Dirk Nowitzki,PF,35,DAL,69,2230,23.2,0.595,0.538,0.294,0.251,1.8,19.7,10.8,13.9,1.4,1.3,7.2,27,119,108,7.1,1.9,8.9,0.192
17,James Harden,SG,24,HOU,62,2360,22.9,0.617,0.535,0.521,0.4,2.6,10.5,6.8,25.5,2,0.9,15.4,27.7,119,107,8.2,2.3,10.4,0.212
18,Andre Drummond,C,20,DET,69,2230,22.4,0.602,0.623,0.399,0.003,17,27,21.7,2.1,2,4.3,10.7,16.3,121,103,5.4,3.3,8.7,0.187
19,Al Jefferson,PF,29,CHA,62,2131,22.4,0.527,0.506,0.197,0.01,6.4,27.8,17,13.4,1.4,2.6,7.6,29.4,104,100,2.3,3.8,6,0.136
20,Dwyane Wade,SG,32,MIA,50,1678,22.2,0.59,0.552,0.33,0.039,4.5,12.5,8.6,25.5,2.3,1.4,15.2,27.2,111,106,3.7,1.7,5.4,0.156
21,Al Horford,C,27,ATL,29,958,22.1,0.588,0.571,0.202,0.026,8,21.4,14.7,15.1,1.4,3.6,12.3,24.7,109,105,1.6,1.2,2.8,0.139
22,Goran Dragic,SG,27,PHO,67,2324,21.9,0.611,0.567,0.399,0.269,2.9,7.4,5.2,29.1,2,0.6,14.5,24.6,120,109,7.8,1.6,9.4,0.194
23,LaMarcus Aldridge,PF,28,POR,60,2189,21.6,0.507,0.46,0.253,0.011,7.2,25.6,16.4,13.3,1.2,1.9,7.4,29.7,107,104,3.6,2.8,6.4,0.14
24,Dwight Howard,C,28,HOU,67,2284,21.5,0.597,0.588,0.792,0.008,11.7,27.7,20.3,9.3,1.3,3.9,17.5,24.3,109,101,3.9,4,7.9,0.166
25,Tim Duncan,C,37,SAS,64,1877,21.3,0.534,0.489,0.342,0.005,8.4,28.8,19.1,16.3,1,4.6,13.2,25.1,106,97,2.4,4,6.4,0.164
26,Tony Mitchell,PF,21,DET,16,47,20.9,0.652,0.583,2.667,0.167,19.9,12.3,16.3,2.9,1.1,3.4,13.3,13.7,135,110,0.2,0,0.2,0.204
27,Nikola Pekovic,C,28,MIN,51,1608,20.7,0.576,0.535,0.347,0,13.2,17.8,15.4,5.3,0.9,1.1,9.1,22.8,117,107,4.2,1.4,5.7,0.17
28,Isaiah Thomas,PG,24,SAC,70,2450,20.7,0.576,0.511,0.376,0.33,2.1,7.6,4.8,32.2,1.9,0.2,14.3,26.3,115,111,6.7,1.3,8,0.156
29,Paul George,SF,23,IND,71,2553,20.4,0.559,0.495,0.336,0.367,2.5,17.3,10.3,17.9,2.6,0.6,12.5,28.2,108,96,4.3,5.8,10.1,0.19
30,Austin Daye,SF,25,TOT,12,69,20.3,0.567,0.567,0.133,0.667,3.3,19.3,11.6,12.2,1.5,3.1,0,20.9,117,101,0.1,0.1,0.3,0.179
31,Kyle Lowry,PG,27,TOR,69,2526,20.3,0.569,0.51,0.368,0.469,3.6,11.5,7.5,35.3,2.3,0.5,13.5,22,119,105,7.7,3.2,10.8,0.206
32,Joakim Noah,C,28,CHI,69,2393,20.3,0.539,0.483,0.435,0.002,11.6,24.6,18.2,25.6,1.8,3.5,17.2,18.4,111,96,4,5.6,9.6,0.193
33,Jannero Pargo,PG,34,CHA,26,200,20.3,0.588,0.577,0.112,0.51,0,7.4,3.7,39.7,2.8,0.4,18.3,29,104,104,0.2,0.3,0.5,0.118
34,Manu Ginobili,SG,36,SAS,58,1337,20.2,0.593,0.543,0.302,0.425,2.3,11.8,7.3,29.1,2.2,0.7,16.1,24.7,113,103,3.1,2,5.1,0.182
35,Mike Conley,PG,26,MEM,61,2032,20.1,0.543,0.496,0.268,0.279,1.9,8.4,5.2,30.3,2.4,0.5,11.8,24.9,112,105,4.5,2.3,6.8,0.16
36,John Wall,PG,23,WAS,70,2571,20.1,0.53,0.477,0.306,0.235,1.4,11.8,6.5,40.4,2.7,1.1,16.3,27.4,107,104,3.9,3.2,7.1,0.133
37,Kyrie Irving,PG,21,CLE,64,2274,20,0.532,0.479,0.27,0.28,2.2,9.3,5.6,32.6,2,0.8,12.1,28.4,109,109,4.3,1.6,5.9,0.125
38,Paul Millsap,PF,28,ATL,63,2098,19.8,0.546,0.498,0.367,0.204,7.1,21.2,14.1,15.8,2.8,2.6,13.5,25.8,105,102,2.3,3.2,5.4,0.125
39,Ty Lawson,PG,26,DEN,57,2055,19.7,0.557,0.481,0.486,0.257,2.1,8.5,5.3,39.3,2.2,0.4,16.9,23.1,113,110,4.8,1.3,6.1,0.143
40,Tony Parker,PG,31,SAS,58,1755,19.7,0.563,0.519,0.282,0.08,0.9,7,4.1,33.1,0.8,0.4,13,27,111,107,3.9,1.6,5.5,0.151
41,Eric Bledsoe,PG,24,PHO,32,1052,19.6,0.574,0.513,0.428,0.264,1.9,13.7,7.8,27.7,2.3,0.6,16.8,24.3,111,106,2.2,1.1,3.2,0.148
42,Chris Bosh,C,29,MIA,68,2181,19.6,0.605,0.562,0.3,0.214,5,21,13.3,5.5,1.6,2.5,9.7,22.5,114,105,4.6,2.7,7.3,0.161
43,Pau Gasol,C,33,LAL,59,1856,19.6,0.523,0.483,0.289,0.016,7.1,25.7,16.5,18.7,0.7,3.5,12.3,26.5,103,107,1.4,1.8,3.2,0.082
44,Kenneth Faried,PF,24,DEN,69,1829,19.5,0.576,0.55,0.377,0.005,11.4,21,16.2,7,1.6,2.5,11.7,19.9,114,106,3.6,2,5.6,0.147
45,Serge Ibaka,PF,24,OKC,69,2270,19.5,0.574,0.549,0.179,0.059,10.2,19.3,15,4.8,0.7,6.4,10.4,19.8,114,101,4.4,3.8,8.1,0.172
46,Maalik Wayns,PG,22,LAC,2,9,19.4,0.5,0.5,0,0,0,24,12.4,31.7,11.1,0,0,9.8,134,81,0,0,0.1,0.316
47,Robert Covington,SF,23,HOU,5,19,19.3,0.611,0.611,0,0.889,6.3,5.5,5.9,0,2.6,0,0,20.9,127,108,0.1,0,0.1,0.195
48,James Jones,SF,33,MIA,12,70,19.3,0.636,0.635,0.269,0.769,0,8.6,4.5,8.9,0.7,2.5,3.3,20.4,125,110,0.2,0,0.2,0.169
49,David Lee,PF,30,GSW,66,2201,19.3,0.567,0.523,0.307,0.001,8.8,21.7,15.4,11.1,1,0.9,12.1,24.4,111,102,4.2,3.4,7.5,0.164
50,Chris Wright,F,25,MIL,2,33,19.1,0.595,0.571,1,0,6.7,7.2,6.9,14.7,3.2,2.5,0,13.8,138,109,0.1,0,0.1,0.202
51,Ryan Anderson,PF,25,NOP,22,795,19,0.572,0.532,0.175,0.463,9.5,11.2,10.3,3.6,0.7,0.7,5,22.9,120,114,2.3,0,2.4,0.142
52,Andray Blatche,PF,27,BRK,63,1409,19,0.526,0.48,0.329,0.077,9.2,19.7,14.4,12.4,2.5,1.8,11.2,25.6,105,104,1.6,1.9,3.5,0.118
53,James Johnson,SF,26,MEM,43,817,19,0.544,0.493,0.283,0.283,7.7,13.2,10.5,18.8,2.6,5.4,16.1,20.4,108,100,1.1,1.5,2.6,0.152
54,Damian Lillard,PG,23,POR,71,2550,19,0.569,0.507,0.325,0.424,1.4,9.4,5.4,25.3,1,0.6,11.3,25.3,116,111,7.1,1.3,8.4,0.159
55,Jeff Adrien,PF,27,TOT,42,607,18.9,0.581,0.539,0.519,0,13.2,25.6,19.2,6.1,1.5,3.4,9.6,15.7,122,104,1.4,0.8,2.3,0.18
56,Rudy Gay,SF,27,TOT,64,2225,18.9,0.541,0.485,0.318,0.172,5.1,15.2,10.1,15.2,2.1,2,14.1,27.7,104,106,2.2,2.4,4.7,0.101
57,Terrence Jones,PF,22,HOU,65,1794,18.6,0.578,0.568,0.268,0.157,8.9,19,14.3,6.9,1.1,3.5,8.5,17.9,118,104,3.9,2.3,6.2,0.167
58,Kawhi Leonard,SF,22,SAS,55,1596,18.6,0.599,0.571,0.199,0.275,4.7,18.9,12.2,9.3,2.9,1.8,11,18.1,114,98,2.8,3.2,6,0.181
59,Markieff Morris,PF,24,PHO,70,1831,18.6,0.566,0.51,0.399,0.133,7.3,17.9,12.6,10.8,1.6,1.7,13.1,23.6,111,106,3.5,2,5.5,0.144
60,Amar'e Stoudemire,C,31,NYK,54,1150,18.6,0.591,0.557,0.353,0,8.9,17.4,13,4.1,0.9,2.1,12.8,23.8,111,110,2,0.7,2.7,0.114
61,Chris Andersen,C,35,MIA,62,1206,18.5,0.697,0.67,0.621,0.047,11.8,20.5,16.3,2.3,1.3,6,13.2,13.4,132,103,3.4,1.7,5.2,0.205
62,DeMar DeRozan,SG,24,TOR,67,2572,18.5,0.531,0.455,0.434,0.155,2.1,11.4,6.7,18.4,1.6,0.8,9.5,28.1,109,106,4.9,2.8,7.7,0.143
63,Tyreke Evans,SF,24,NOP,61,1671,18.5,0.505,0.446,0.354,0.106,4,15.9,9.9,28.9,2.2,1,14,26.6,104,109,1.7,1.1,2.9,0.082
64,Kris Humphries,PF,28,BOS,62,1255,18.5,0.55,0.499,0.307,0.007,10.3,23.9,16.9,8.3,1.2,3.6,11.1,19.1,112,103,2.1,1.8,3.9,0.148
65,Patrick Mills,PG,25,SAS,70,1292,18.4,0.582,0.558,0.131,0.487,2.4,9.2,5.9,15.3,2.4,0.5,8.5,22.6,114,103,2.7,1.8,4.5,0.169
66,Derrick Favors,PF,22,UTA,62,1861,18.3,0.551,0.514,0.403,0.002,9.8,23.5,16.5,6.9,1.7,3.7,13.1,20.3,108,106,2.3,1.9,4.2,0.109
67,Jordan Hill,PF,26,LAL,60,1180,18.3,0.572,0.543,0.386,0.003,14.1,23.8,19,5.7,0.8,3,11.9,18.7,114,108,2.2,1,3.3,0.133
68,Jon Leuer,PF,24,MEM,44,611,18.3,0.575,0.547,0.2,0.2,7,21.9,14.5,5.5,1.5,1.8,9.6,21.4,113,103,1.1,0.9,2,0.158
69,Nikola Vucevic,C,23,ORL,53,1678,18.3,0.535,0.505,0.203,0,11.1,27.5,19.3,10.1,1.6,2.1,13.2,21.5,105,103,1.6,2.4,3.9,0.112
70,Deron Williams,PG,29,BRK,53,1703,18.3,0.575,0.526,0.318,0.359,0.8,8.9,4.9,34.2,2.2,0.6,15.3,21.8,113,109,3.6,1.3,4.8,0.137
71,Zach Randolph,PF,32,MEM,67,2284,18.1,0.505,0.462,0.29,0.017,11.5,23.6,17.6,12.7,1,0.6,11.9,26.2,104,104,2.3,2.9,5.2,0.11
72,Greg Monroe,PF,23,DET,70,2293,18,0.541,0.507,0.372,0,9.5,21.8,15.4,10,1.7,1.4,13.1,20.7,109,107,3.2,2.2,5.4,0.113
73,Mason Plumlee,PF,23,BRK,57,965,18,0.647,0.627,0.675,0.009,9,19.2,14.1,5.9,2.2,3.7,15.7,17.1,118,103,2,1.3,3.3,0.167
74,DeAndre Jordan,C,25,LAC,71,2517,17.9,0.631,0.666,0.7,0,12.9,29.6,21.6,3.9,1.5,5.2,14.9,11.8,122,98,4.8,5.2,10,0.191
75,Troy Daniels,SG,22,HOU,2,7,17.8,0.625,0.625,0,0.75,0,0,0,0,0,0,0,25.2,122,115,0,0,0,0.14
76,Marc Gasol,C,29,MEM,47,1540,17.8,0.523,0.464,0.351,0.013,4.7,20,12.4,18,1.6,3.6,12.8,21.3,107,102,1.8,2.5,4.3,0.133
77,Reggie Williams,F,27,OKC,1,5,17.8,0.625,0.625,0,0.25,0,0,0,0,0,0,20,44.1,86,113,0,0,0,-0.114
78,Tyson Chandler,C,31,NYK,44,1351,17.6,0.617,0.596,0.482,0.004,12,27.3,19.4,5.6,1.3,3.6,15,13.3,122,106,2.8,1.5,4.3,0.154
79,John Henson,PF,23,MIL,59,1575,17.6,0.536,0.532,0.271,0.002,10.1,21.6,15.7,10.7,1,5.5,13.5,20,105,108,1.3,1.4,2.7,0.081
80,David West,PF,33,IND,71,2175,17.6,0.528,0.487,0.264,0.014,5.8,18.2,12.3,16.2,1.4,2.3,11.4,22,107,97,2.6,4.7,7.3,0.161
81,Andrew Bogut,C,29,GSW,62,1661,17.4,0.612,0.629,0.177,0,11.6,29.6,20.7,9.3,1.4,5.3,19.5,12.8,114,96,2.3,3.9,6.2,0.178
82,Jamal Crawford,SG,33,LAC,63,1914,17.4,0.556,0.497,0.312,0.433,1.9,6.4,4.2,17.5,1.4,0.5,10.6,27.1,110,109,3.5,1.4,4.9,0.124
83,Cole Aldrich,C,25,NYK,36,198,17.3,0.59,0.5,0.559,0,11.4,34.8,22.7,7.4,1.1,7.1,22.1,12.7,113,101,0.3,0.3,0.6,0.142
84,Jrue Holiday,PG,23,NOP,34,1143,17.3,0.505,0.48,0.139,0.17,2.8,11.7,7.2,38.6,2.6,0.9,17.9,23.3,103,110,0.9,0.7,1.6,0.068
85,Tiago Splitter,C,29,SAS,49,1053,17.3,0.584,0.536,0.54,0.003,11.3,20.9,16.4,9.2,1.2,1.9,14.4,18,115,101,2.1,1.7,3.9,0.176
86,Anderson Varejao,C,31,CLE,56,1601,17.3,0.525,0.494,0.281,0.015,11.3,28,19.4,13.1,2.1,2,12.5,14.5,114,103,2.4,2.4,4.8,0.143
87,DeJuan Blair,PF,24,DAL,69,1132,17.2,0.558,0.54,0.292,0.005,12.6,22.1,17.3,8.9,2.6,1.5,14.8,19.4,110,104,1.6,1.4,3.1,0.13
88,Robin Lopez,C,25,POR,71,2236,17.2,0.596,0.542,0.375,0.002,13.7,15.4,14.5,4,0.5,3.7,10.6,14,126,107,5.7,2,7.7,0.166
89,Monta Ellis,PG,28,DAL,71,2592,17.1,0.539,0.483,0.356,0.161,1.5,9.8,5.6,25,2.4,0.6,15.6,25.9,104,109,2.7,1.8,4.5,0.084
90,Kemba Walker,PG,23,CHA,64,2283,17.1,0.511,0.454,0.297,0.282,1.8,11.4,6.6,28.2,1.8,1,12.1,25.6,103,105,1.8,2.7,4.5,0.095
91,Thaddeus Young,PF,25,PHI,68,2331,17.1,0.514,0.49,0.187,0.22,6.6,12.6,9.5,11.8,3.1,1,10.6,24.1,102,108,1.3,2,3.3,0.069
92,Marcin Gortat,C,29,WAS,69,2271,17,0.562,0.534,0.284,0.001,8.5,24.7,16.4,8.3,0.7,3.7,11.9,17.7,111,104,3.3,3.1,6.4,0.136
93,J.J. Redick,SG,29,LAC,30,863,17,0.6,0.548,0.265,0.453,1.2,6.7,4.1,12.4,1.5,0.3,8.4,22,117,109,2.1,0.7,2.8,0.153
94,Jeremy Evans,SF,26,UTA,55,1006,16.8,0.556,0.534,0.221,0.007,11.1,19.3,15.1,5.9,1.6,2.9,8.3,15.3,117,108,1.9,0.8,2.7,0.128
95,Arron Afflalo,SG,28,ORL,62,2247,16.7,0.578,0.528,0.324,0.297,1.4,10.5,5.9,17.1,0.7,0.1,10.8,23.4,111,111,4.1,0.9,5,0.108
96,Kosta Koufos,C,24,MEM,69,1226,16.7,0.52,0.502,0.207,0,14,23.2,18.6,4.7,1.2,4.3,12.2,19.5,106,101,1.2,2.1,3.3,0.128
97,Kevin Martin,SG,30,MIN,60,1928,16.7,0.554,0.483,0.351,0.299,1.6,9,5.2,9.5,1.5,0.2,8.3,25.1,111,109,3.6,1.3,4.9,0.123
98,Jeff Teague,PG,25,ATL,66,2137,16.7,0.528,0.457,0.377,0.192,1.7,8,4.9,36,1.8,0.5,16.6,26.1,105,110,2.4,1.3,3.7,0.084
99,Jimmer Fredette,SG,24,TOT,45,480,16.6,0.582,0.565,0.091,0.368,1.9,9.7,5.8,23.1,1.5,0.5,16.8,24,107,111,0.6,0.3,0.9,0.088
100,Brandon Knight,PG,22,MIL,62,2005,16.6,0.521,0.47,0.291,0.309,2,10.4,6.1,27.8,1.6,0.4,13.6,27,104,113,1.9,0.4,2.3,0.055
101,Trevor Ariza,SF,28,WAS,65,2332,16.5,0.601,0.572,0.226,0.528,4.3,16.5,10.3,11.3,2.5,0.7,12.9,17.8,114,104,4,3.1,7.1,0.146
102,Vince Carter,SG,37,DAL,70,1700,16.5,0.542,0.494,0.262,0.447,4.3,13,8.6,17,1.5,1.4,10.5,22.9,111,109,3,1.1,4.1,0.116
103,Darren Collison,PG,26,LAC,69,1705,16.5,0.581,0.524,0.339,0.27,2.6,7.3,5,22,2.3,0.6,14.6,19.6,114,106,3.3,1.8,5.1,0.143
104,Michael Beasley,SF,25,MIA,49,776,16.4,0.559,0.53,0.221,0.151,4.9,20.8,13.1,7.9,1.4,2,12.5,25.4,102,105,0.5,0.9,1.4,0.087
105,Ed Davis,PF,24,MEM,53,827,16.4,0.548,0.541,0.29,0,10.9,21.3,16.1,4.5,1,3.7,10.3,17.9,110,102,1.1,1.2,2.4,0.137
106,Taj Gibson,PF,28,CHI,71,2045,16.4,0.526,0.482,0.314,0.009,9.8,16.9,13.4,7.5,0.9,3.7,12.6,23.2,103,100,1.4,3.7,5.1,0.12
107,J.J. Hickson,PF,25,DEN,69,1859,16.4,0.521,0.508,0.443,0.012,11.9,24.8,18.4,8.4,1.2,2,14.1,20.9,103,106,1.3,2.1,3.4,0.088
108,Chris Kaman,C,31,LAL,34,625,16.4,0.535,0.505,0.213,0.01,7.3,25.1,16.3,13,0.7,4.1,16.9,26.4,95,106,-0.2,0.6,0.4,0.031
109,Paul Pierce,SF,36,BRK,64,1821,16.4,0.585,0.515,0.441,0.411,1.6,18.2,9.9,14.8,2,1.3,15.5,22.6,107,106,2.3,2,4.3,0.113
110,Tony Allen,SG,32,MEM,43,1067,16.3,0.561,0.539,0.3,0.11,7,11.8,9.4,11.2,3.6,1.3,17,19.9,104,101,0.8,1.7,2.5,0.114
111,Gordon Hayward,SF,23,UTA,66,2389,16.3,0.518,0.457,0.341,0.273,2.7,14.5,8.4,24.6,2.1,1.2,15.3,23,103,110,1.8,1.5,3.2,0.065
112,Nene Hilario,PF,31,WAS,49,1477,16.3,0.524,0.494,0.446,0.009,4.7,17.7,11.1,16.3,2.1,2.5,14,23.5,102,103,0.8,2.1,2.9,0.094
113,Ramon Sessions,PG,27,TOT,72,1767,16.3,0.535,0.451,0.511,0.147,1.9,9.2,5.5,26.2,1.2,0.3,13.2,23.2,107,109,2.4,1.2,3.5,0.096
114,Chris Copeland,SF,29,IND,34,190,16.2,0.58,0.56,0.157,0.675,3.1,11.2,7.3,10.3,0.5,2.4,8.3,23.2,113,101,0.4,0.3,0.7,0.177
115,Brandon Jennings,PG,24,DET,68,2353,16.2,0.491,0.444,0.29,0.392,2.4,7.6,4.9,34.4,2,0.2,14.4,23.5,106,111,2.9,1.1,4,0.081
116,Jared Sullinger,PF,21,BOS,65,1761,16.2,0.488,0.449,0.223,0.218,13.4,20.5,16.9,10.4,0.9,1.8,10.9,24.2,103,106,1.4,1.9,3.3,0.09
117,Samuel Dalembert,C,32,DAL,69,1392,16.1,0.594,0.555,0.392,0.003,14,24.1,19,3.2,1.3,4.8,17.3,14.7,115,104,2.2,1.8,4,0.138
118,Tobias Harris,PF,21,ORL,50,1567,16.1,0.534,0.473,0.345,0.182,5.1,20.4,12.7,7.8,1,1,8.3,22,107,107,1.9,1.4,3.3,0.102
119,C.J. Miles,SG,26,CLE,51,984,16.1,0.569,0.537,0.183,0.516,2,10,5.9,9.2,2.4,1.3,9.1,22,111,107,1.6,0.9,2.5,0.122
120,Jordan Farmar,PG,27,LAL,36,790,15.9,0.55,0.53,0.165,0.437,2.7,9.3,6,34.8,2,0.5,19.1,23.2,103,111,0.7,0.3,1,0.059
121,Gerald Green,SG,28,PHO,71,2042,15.9,0.579,0.542,0.221,0.51,2.2,10.8,6.5,8.9,1.6,1.4,12.1,23.2,110,108,3.3,1.6,5,0.116
122,Amir Johnson,PF,26,TOR,67,1984,15.9,0.592,0.576,0.235,0.108,9.1,17.4,13.3,8.8,1.3,3.2,15.2,16.8,113,103,3,2.9,5.9,0.143
123,Wesley Matthews,SG,27,POR,71,2436,15.9,0.588,0.541,0.295,0.498,2.2,9.4,5.8,10.7,1.4,0.4,8.4,19.5,119,110,5.8,1.5,7.3,0.143
124,Ricky Rubio,PG,23,MIN,69,2193,15.9,0.494,0.412,0.423,0.209,2.8,12.8,7.6,37.9,3.8,0.4,22.2,15.9,106,103,2.1,3.2,5.3,0.116
125,Nicolas Batum,SF,25,POR,71,2573,15.8,0.589,0.547,0.271,0.497,4.4,17.8,11.2,20.8,1.3,1.3,18.9,16.5,113,107,4.3,2.5,6.7,0.126
126,Alec Burks,SG,22,UTA,69,1909,15.8,0.536,0.477,0.439,0.168,3.1,10.7,6.8,17.4,1.7,0.5,12.7,24.3,105,112,2.1,0.6,2.7,0.068
127,Timofey Mozgov,C,27,DEN,71,1448,15.8,0.573,0.513,0.485,0.023,10.3,21.5,15.9,5.4,0.7,4.3,16.2,18.4,109,106,1.8,1.5,3.4,0.111
128,Kyle O'Quinn,C,23,ORL,58,924,15.8,0.522,0.495,0.213,0.007,9.1,26.3,17.7,11.4,1.7,5.6,17,18,100,101,0.2,1.6,1.8,0.095
129,Luol Deng,SF,28,TOT,55,1948,15.7,0.523,0.47,0.319,0.213,5.3,13.7,9.5,14.1,1.6,0.3,10.8,22.7,106,106,2.2,2.1,4.3,0.105
130,Miroslav Raduljica,C,26,MIL,43,429,15.7,0.6,0.537,0.405,0,13.1,13.2,13.1,8.7,0.9,2.3,15.4,17.8,117,112,0.9,0.1,1,0.116
131,Nate Robinson,PG,29,DEN,44,866,15.7,0.544,0.504,0.222,0.402,2.6,7.5,5,21.4,2,0.3,12.1,23.6,109,110,1.3,0.5,1.8,0.102
132,Marco Belinelli,SF,27,SAS,69,1733,15.6,0.613,0.585,0.185,0.411,1.1,11.7,6.7,13.8,1.3,0.2,11.3,18.9,115,105,3.3,2,5.3,0.148
133,Hilton Armstrong,C,29,GSW,8,35,15.5,0.399,0.5,2,0,22.2,33.7,28,3.8,2.8,4.3,21,11.9,97,92,0,0.1,0.1,0.128
134,D.J. Augustin,PG,26,TOT,61,1632,15.5,0.563,0.502,0.313,0.459,0.8,6.6,3.7,28.7,1.5,0.1,13.6,21.5,112,105,3,2,5,0.148
135,Spencer Hawes,C,25,TOT,69,2174,15.5,0.551,0.524,0.177,0.349,5.4,24.2,14.4,15.8,0.8,3,15.2,19.4,105,108,1.9,1.9,3.8,0.084
136,Chandler Parsons,SF,25,HOU,64,2401,15.5,0.563,0.538,0.209,0.351,2.9,12.8,8.2,17,1.5,0.8,12,19,113,107,4.3,2.2,6.5,0.13
137,Mike Scott,PF,25,ATL,67,1223,15.5,0.56,0.526,0.229,0.331,5,17.6,11.3,9.2,1,0.3,10.2,23.2,106,109,1.3,0.9,2.2,0.087
138,Marreese Speights,C,26,GSW,68,763,15.5,0.51,0.44,0.356,0.084,11.6,19.3,15.5,5.1,0.5,3,11.3,25.1,104,102,0.7,1.2,1.8,0.116
139,Jose Calderon,SG,32,DAL,70,2138,15.4,0.593,0.58,0.082,0.568,1.4,7.4,4.4,23.1,1.6,0.4,11.7,16.1,120,112,4.7,0.8,5.5,0.124
140,Mike Harris,PF,30,UTA,20,225,15.4,0.576,0.475,0.443,0.033,7.4,9.4,8.4,3.6,3.7,2.4,13.1,17.1,112,106,0.3,0.2,0.6,0.12
141,Enes Kanter,C,21,UTA,70,1833,15.4,0.522,0.491,0.231,0.001,11.1,19.5,15.2,5.9,0.7,1.6,12.9,23.3,102,111,1.1,0.8,1.9,0.051
142,Andrew Bynum,C,26,TOT,26,516,15.3,0.456,0.418,0.218,0,11.3,20.3,15.8,9.9,0.6,4.7,12.1,24.3,95,106,-0.2,0.6,0.4,0.038
143,Devin Harris,PG,30,DAL,29,583,15.3,0.537,0.455,0.46,0.354,1.6,11.5,6.5,30.1,1.2,0.1,15.3,20.8,112,111,1.1,0.2,1.3,0.109
144,Reggie Jackson,PG,23,OKC,70,1996,15.2,0.521,0.48,0.191,0.257,2.3,12.5,7.7,22.9,1.9,0.3,15,23.3,104,105,1.7,2.4,4.1,0.099
145,Patrick Patterson,PF,24,TOT,56,1326,15.2,0.54,0.521,0.148,0.281,9,17.2,13.1,8.5,1.9,1.7,11,17.5,110,104,1.8,1.7,3.5,0.127
146,Lance Stephenson,SG,23,IND,69,2454,15.2,0.566,0.542,0.228,0.271,4.2,18,11.5,22.3,1.1,0.2,17.9,19.5,107,100,2.7,4.6,7.2,0.141
147,Isaiah Canaan,PG,22,HOU,12,59,15.1,0.543,0.405,0.619,0.571,6.1,3.6,4.7,10.2,2.6,0,10.1,22.2,116,108,0.1,0,0.2,0.151
148,Gorgui Dieng,C,24,MIN,47,435,15.1,0.503,0.477,0.44,0,12.9,28.7,20.5,6.8,1.9,5.1,16.1,15.2,104,99,0.3,0.8,1.1,0.122
149,Joe Johnson,SG,32,BRK,67,2204,15.1,0.557,0.524,0.192,0.395,2.3,9.9,6.1,15,1,0.4,9.7,21.9,109,111,3.2,1,4.1,0.09
150,Eric Gordon,SG,25,NOP,64,2057,15,0.54,0.498,0.273,0.316,1.7,7.7,4.6,16.4,1.9,0.5,12.8,23.1,106,113,2.2,0.5,2.6,0.062
151,Marcus Morris,SF,24,PHO,71,1587,15,0.56,0.526,0.251,0.412,5.2,14.5,9.9,7.9,2,0.8,12.4,19.8,110,107,2.2,1.6,3.7,0.113
152,Jermaine O'Neal,PF,35,GSW,35,679,15,0.568,0.497,0.573,0,10.9,18.6,14.9,3.3,0.9,3.8,15,17.6,110,101,0.9,1.1,2,0.144
153,Jeremy Tyler,C,22,NYK,33,334,15,0.54,0.525,0.404,0,12.5,23.2,17.7,2.9,1,5,14.6,18.9,105,106,0.3,0.4,0.6,0.091
154,Boris Diaw,PF,31,SAS,67,1685,14.8,0.596,0.579,0.169,0.19,4.2,13.4,9.1,15.7,1.1,1.3,15.8,16.8,112,104,2.4,2.2,4.6,0.132
155,Jonas Valanciunas,C,21,TOR,68,1880,14.8,0.563,0.518,0.356,0.002,11.5,24.3,17.9,4,0.5,2.6,15.8,18.2,108,103,2.1,2.7,4.8,0.122
156,Charlie Villanueva,PF,29,DET,18,166,14.8,0.489,0.477,0.159,0.602,3.8,18.8,10.9,6,1.2,1.9,6.9,26.1,101,108,0.1,0.1,0.2,0.06
157,Trevor Booker,PF,26,WAS,60,1270,14.7,0.55,0.542,0.17,0.006,12,18.9,15.4,6.4,1.3,2.2,12.1,14.3,113,105,1.7,1.5,3.3,0.124
158,Rajon Rondo,PG,27,BOS,23,749,14.7,0.439,0.415,0.177,0.271,1.9,16.1,8.8,46,2.1,0.1,18.1,21.6,98,106,0,0.8,0.8,0.05
159,Henry Sims,C,23,TOT,35,558,14.7,0.495,0.432,0.407,0.006,13.5,18,15.7,10,1.8,2.5,12,16.6,108,107,0.6,0.5,1.1,0.097
160,Will Bynum,PG,31,DET,51,978,14.6,0.504,0.459,0.264,0.139,2.4,8.1,5.2,32.8,1.9,0.6,17.5,23.8,102,111,0.7,0.5,1.1,0.055
161,Roy Hibbert,C,27,IND,71,2138,14.6,0.518,0.46,0.357,0.008,10.4,15.5,13.1,6.4,0.6,5.9,14.9,19,103,97,1.2,4.7,5.9,0.133
162,Andrea Bargnani,C,28,NYK,42,1257,14.5,0.51,0.472,0.203,0.215,6.2,14.7,10.3,6.1,0.6,3.6,9.6,22.2,103,110,0.8,0.7,1.5,0.058
163,Brandon Bass,PF,28,BOS,70,1912,14.5,0.534,0.472,0.325,0.005,7.6,16,11.7,6.4,0.9,2.5,11.3,18.7,108,107,2.2,1.8,4,0.1
164,Michael Carter-Williams,PG,22,PHI,59,2062,14.5,0.468,0.421,0.338,0.212,4.5,14.6,9.3,29.6,2.6,1.4,17.4,26,93,108,-1.5,1.7,0.2,0.005
165,Courtney Lee,SG,28,TOT,67,1635,14.5,0.575,0.542,0.178,0.312,1.6,9.5,5.5,9.4,1.9,1.2,8.7,17.2,114,106,2.6,1.7,4.3,0.126
166,Jeremy Lin,PG,25,HOU,60,1726,14.5,0.575,0.511,0.426,0.341,1.6,8.3,5.2,22.6,1.6,1.1,19,20.4,109,108,2.4,1.4,3.8,0.106
167,Shaun Livingston,PG,28,BRK,68,1737,14.5,0.545,0.472,0.394,0.014,4.2,10.7,7.4,19.6,2.5,1.4,14.9,16,111,107,2.4,1.7,4,0.112
168,MarShon Brooks,SG,25,TOT,28,278,14.4,0.535,0.491,0.339,0.193,3.9,15.8,9.8,12.3,1.9,1,14.9,23.3,99,108,0,0.2,0.3,0.046
169,Kyle Korver,SG,32,ATL,62,2113,14.4,0.67,0.643,0.153,0.647,1.2,12.1,6.7,13,1.6,0.8,12.4,14,122,109,4.1,1.5,5.7,0.129
170,Jodie Meeks,SG,26,LAL,64,2109,14.4,0.595,0.549,0.286,0.472,1.4,6.8,4.1,8.4,2.1,0.1,10.3,19,111,112,2.9,0.6,3.6,0.081
171,Miles Plumlee,C,25,PHO,69,1734,14.4,0.515,0.502,0.243,0,11.2,24.4,17.9,3.1,1.3,3.8,15,16.5,102,103,0.8,2.5,3.3,0.091
172,Nick Young,SG,28,LAL,51,1460,14.4,0.546,0.486,0.347,0.357,1.7,8.1,4.9,8.4,1.1,0.5,9.3,26.2,104,114,1.2,0.2,1.4,0.047
173,Jordan Crawford,SG,25,TOT,70,1671,14.3,0.513,0.464,0.237,0.355,1.6,9.2,5.4,26.8,1.3,0.2,14.1,23,104,109,1.4,1.3,2.7,0.076
174,Cory Joseph,SG,22,SAS,57,782,14.3,0.557,0.493,0.352,0.157,4.4,8,6.3,16.4,1.9,1.2,13.5,16.7,113,104,1.2,1,2.3,0.141
175,Tyler Zeller,C,24,CLE,60,879,14.3,0.569,0.519,0.429,0.004,10.7,19.8,15.1,5.6,0.9,3,16.6,16.8,108,107,1,0.9,1.9,0.101
176,DeMarre Carroll,SF,27,ATL,62,1984,14.2,0.577,0.546,0.234,0.424,5.4,14.3,9.9,8.5,2.4,0.7,9.1,15,115,106,3,2,5,0.122
177,Josh Smith,SF,28,DET,70,2511,14.2,0.459,0.442,0.253,0.207,4.1,18.1,10.8,14.9,2,3.3,12.6,24.4,94,106,-1.3,2.7,1.4,0.027
178,Tristan Thompson,PF,22,CLE,71,2284,14.2,0.515,0.469,0.425,0.001,11.1,21.3,16.1,4.6,0.8,1,11,17.6,108,108,2.4,1.9,4.3,0.09
179,Marvin Williams,PF,27,UTA,59,1510,14.2,0.539,0.518,0.133,0.448,5.7,17.8,11.6,7.8,1.6,1.5,9,17.2,109,110,1.8,0.9,2.7,0.086
180,Elton Brand,PF,34,ATL,61,1127,14.1,0.559,0.534,0.316,0.008,8.4,21.8,15.1,7.5,1.1,5.2,13.4,14.1,110,104,1.2,1.5,2.8,0.117
181,Mario Chalmers,PG,27,MIA,63,1847,14.1,0.573,0.537,0.292,0.42,2.3,9.1,5.8,25,3.1,0.7,22,17.2,107,106,2,2,4,0.103
182,George Hill,PG,27,IND,66,2101,14.1,0.572,0.527,0.27,0.429,2.3,10.6,6.6,17.6,1.6,0.8,11.6,15.3,116,100,3.6,3.7,7.4,0.168
183,Thomas Robinson,PF,22,POR,59,712,14.1,0.49,0.465,0.35,0.004,13.3,25.2,19.3,5.8,1.2,1.9,13,19.7,103,104,0.4,0.9,1.3,0.09
184,Bradley Beal,SG,20,WAS,61,2099,14,0.5,0.472,0.153,0.299,2.5,10.1,6.2,16.2,1.4,0.5,9.3,24.7,102,108,1.2,1.7,2.9,0.065
185,Larry Sanders,C,25,MIL,23,584,14,0.478,0.469,0.34,0.006,11.3,21.2,16.1,5.3,1.6,5.6,12.3,16.4,100,106,0.1,0.6,0.7,0.059
186,Carlos Boozer,PF,32,CHI,65,1869,13.9,0.481,0.446,0.205,0.002,7.5,25.2,16.5,10.3,1.3,0.9,12.7,26.2,94,99,-1.1,3.7,2.6,0.067
187,Seth Curry,PG,23,TOT,2,13,13.9,0.5,0.5,0,0.333,0,8.9,4.3,0,7.9,0,0,10.3,106,96,0,0,0,0.131
188,Shawn Marion,SF,35,DAL,65,2049,13.9,0.535,0.519,0.091,0.225,6.2,17.9,12,7.8,1.9,1.2,11.1,16,107,108,1.9,1.8,3.7,0.086
189,Jameer Nelson,PG,31,ORL,61,1983,13.9,0.517,0.487,0.146,0.532,1.3,10.5,5.9,34.1,1.2,0.2,16.6,19.8,104,110,1.6,1.1,2.7,0.065
190,Kelly Olynyk,C,22,BOS,58,1116,13.9,0.521,0.478,0.248,0.227,11.5,17.8,14.6,13.2,1.3,1.7,16.5,20.2,104,106,0.8,1.2,2.1,0.089
191,Brian Roberts,PG,28,NOP,64,1497,13.9,0.544,0.49,0.232,0.313,1,8.3,4.6,21.8,1.4,0.4,13.4,19.5,110,114,2.1,0.2,2.3,0.075
192,Greg Smith,C,23,HOU,11,100,13.9,0.629,0.643,0.179,0,13.2,16.8,15.1,0,0.5,1.5,14.2,15.5,116,107,0.2,0.1,0.3,0.124
193,Rodney Stuckey,SG,27,DET,62,1632,13.9,0.513,0.453,0.315,0.1,2,7.8,4.8,12.5,1.5,0.4,10.8,24,104,112,1.4,0.6,2,0.059
194,Klay Thompson,SG,23,GSW,70,2519,13.9,0.551,0.529,0.147,0.422,1.5,7.6,4.6,10.2,1.4,1,9.6,22.3,107,105,2.8,2.9,5.6,0.107
195,Jimmy Butler,SG,24,CHI,56,2120,13.8,0.519,0.438,0.506,0.33,4.2,10.8,7.5,10.6,2.8,1.2,11.1,17.1,107,100,2,3.9,5.8,0.132
196,Channing Frye,PF,30,PHO,71,2026,13.8,0.564,0.546,0.12,0.546,3.8,16.3,10.1,6.7,1.3,2.1,10.3,17.5,112,107,2.8,2,4.8,0.114
197,Ersan Ilyasova,PF,26,MIL,55,1478,13.8,0.486,0.441,0.225,0.226,8,18.8,13.2,8.4,1.6,0.4,8.7,21.3,103,111,0.9,0.8,1.7,0.054
198,Josh McRoberts,PF,26,CHA,70,2118,13.7,0.542,0.523,0.156,0.496,3.9,14.3,9,21.7,1.3,1.6,11.6,13.4,114,105,3,2.5,5.6,0.127
199,Pablo Prigioni,PG,36,NYK,54,1083,13.7,0.64,0.63,0.061,0.733,3.4,9.1,6.1,25.2,2.9,0.2,20.6,9.1,130,109,2.4,0.8,3.1,0.138
200,Mirza Teletovic,SF,28,BRK,61,1136,13.7,0.548,0.536,0.115,0.649,4.9,17.6,11.3,7.6,1,1.6,9,20.3,106,108,1.1,1,2.1,0.088
201,Will Barton,SG,23,POR,31,251,13.6,0.517,0.474,0.177,0.24,4.3,13.3,8.8,14.3,1.2,0.8,11.2,20.1,107,109,0.3,0.2,0.5,0.088
202,Omri Casspi,PF,25,HOU,61,1104,13.6,0.538,0.508,0.299,0.444,5.1,16.3,11.1,11,1.9,0.9,14.2,18.9,106,105,1,1.3,2.3,0.1
203,Jonas Jerebko,PF,26,DET,52,497,13.6,0.577,0.549,0.313,0.306,7.8,18.8,13,7.2,1.6,0.8,17.2,17,108,108,0.5,0.4,0.9,0.089
204,Andre Miller,SG,37,TOT,46,792,13.6,0.529,0.477,0.357,0.107,3,10.8,6.9,27.8,1.6,0.8,17.2,15,112,109,1.1,0.5,1.7,0.1
205,Victor Oladipo,PG,21,ORL,69,2203,13.6,0.511,0.452,0.353,0.243,1.9,13.3,7.6,21.9,2.5,1.3,18.9,24.1,94,106,-1.2,2.4,1.2,0.027
206,P.J. Tucker,SF,28,PHO,70,2164,13.6,0.548,0.499,0.34,0.298,7.3,16.5,11.9,8.6,2.2,0.7,13.3,14.3,113,106,3,2.4,5.4,0.119
207,Alexis Ajinca,C,25,NOP,45,718,13.5,0.594,0.559,0.259,0,11.1,23.5,17.2,6.2,1.2,4.2,21.5,15.2,107,107,0.6,0.7,1.3,0.089
208,Tyler Hansbrough,PF,28,TOR,52,826,13.5,0.556,0.461,0.946,0.012,13.8,20.1,16.9,2.2,1.2,1.6,15.4,15.3,113,104,1.2,1.1,2.4,0.139
209,Gerald Henderson,SG,26,CHA,66,2128,13.5,0.507,0.453,0.334,0.119,1.4,13.1,7.2,13.9,1.1,1,9.5,22.7,100,106,0.7,2.2,3,0.068
210,Al-Farouq Aminu,SF,23,NOP,68,1759,13.4,0.519,0.494,0.259,0.099,6.9,21.1,13.9,8.4,2.2,1.6,13.6,14.4,106,108,1.2,1.6,2.8,0.076
211,Jeff Green,SF,27,BOS,70,2404,13.4,0.521,0.469,0.315,0.328,2.3,13.6,7.8,8.2,1,1.2,10.7,23.5,102,108,1.4,1.9,3.3,0.066
212,Jorge Gutierrez,G,25,BRK,4,47,13.4,0.506,0.5,0.2,0.1,2.5,12.7,7.6,17,3.3,1.8,8.4,11.9,111,104,0,0.1,0.1,0.111
213,Josh Harrellson,C,24,DET,32,317,13.4,0.547,0.537,0.085,0.378,9.9,16.8,13.1,6.9,1,3.8,10.5,12.8,117,108,0.5,0.3,0.8,0.114
214,Jeremy Lamb,SG,21,OKC,70,1415,13.4,0.516,0.496,0.101,0.404,2.3,11.4,7.1,11.4,1.8,1.4,8.3,19.9,106,104,1.4,1.8,3.2,0.107
215,Jeff Withey,C,23,NOP,46,455,13.4,0.562,0.507,0.533,0,9,18.1,13.5,5.6,1.4,5,12.3,10.5,119,108,0.7,0.4,1.1,0.111
216,Kevin Garnett,C,37,BRK,49,1027,13.3,0.467,0.439,0.125,0.009,6,31.8,18.9,11.9,2,3,14.7,18.9,93,100,-0.6,1.8,1.2,0.057
217,Danny Green,SG,26,SAS,59,1429,13.3,0.573,0.552,0.118,0.616,1.7,13.4,7.8,8.8,2.1,2.8,13.7,16.4,105,101,0.9,2.4,3.3,0.112
218,Andre Iguodala,SF,30,GSW,56,1834,13.3,0.555,0.536,0.281,0.385,2.8,12.5,7.7,18.5,2.4,0.7,16.6,13.4,111,102,2,2.8,4.9,0.127
219,Shelvin Mack,PG,24,ATL,62,1253,13.3,0.508,0.48,0.136,0.351,1.4,10.8,6.1,29.4,1.8,0.1,14.5,19.4,104,109,0.9,0.9,1.7,0.067
220,Zaza Pachulia,C,29,MIL,42,1051,13.3,0.492,0.406,0.402,0.004,11.6,16.1,13.8,15.2,2,0.6,18.9,16.6,103,110,0.6,0.6,1.2,0.053
221,Greivis Vasquez,SG-PG,27,TOT,66,1451,13.3,0.513,0.478,0.161,0.416,1.4,10.1,5.7,31.5,0.9,0.2,15.6,20.8,106,109,1.5,1,2.5,0.082
222,Dion Waiters,SG,22,CLE,59,1695,13.3,0.5,0.473,0.239,0.248,1.7,9.8,5.7,18.4,1.6,0.5,13,26.9,97,110,-0.2,1,0.8,0.023
223,Bismack Biyombo,C,21,CHA,66,946,13.2,0.611,0.611,0.611,0,10.5,28.1,19.2,0.8,0.3,6.1,18.2,9.9,114,100,1,1.7,2.7,0.137
224,Glen Davis,PF,28,TOT,57,1521,13.2,0.487,0.459,0.226,0.02,7.2,15.9,11.5,8.4,1.7,1.5,10.3,20.1,99,106,0.2,1.6,1.7,0.055
225,Jordan Hamilton,SF,23,TOT,53,914,13.2,0.512,0.488,0.14,0.519,3.4,17.5,10.5,7.5,2.2,1.5,10.1,18.6,103,106,0.5,1,1.5,0.078
226,Ryan Kelly,PF,22,LAL,46,951,13.2,0.579,0.516,0.403,0.395,3,14.2,8.6,9.3,1,2.5,9.3,15.4,115,110,1.5,0.5,2,0.1
227,Dexter Pittman,C,25,ATL,2,3,13.1,0,0,2,0,100,0,57.9,0,0,0,0,28.4,84,116,0,0,0,-0.182
228,Tony Wroten,SG,20,PHI,62,1542,13.1,0.493,0.452,0.404,0.234,4.3,10.1,7.1,19.6,2.1,0.8,17.1,27.8,92,111,-1.5,0.8,-0.7,-0.022
229,Louis Williams,PG,27,ATL,49,1172,13,0.529,0.47,0.325,0.473,0.8,8.4,4.6,22.2,1.7,0.3,14.6,20.7,103,110,0.8,0.7,1.5,0.061
230,Gustavo Ayon,C,28,ATL,26,429,12.9,0.505,0.51,0.196,0,11.4,22.3,16.9,10,3,1.8,20.7,14.8,98,102,0,0.7,0.7,0.074
231,Rasual Butler,SG,34,IND,41,257,12.9,0.622,0.616,0.055,0.603,2.3,10.3,6.5,6.9,1.4,1.5,10.7,14.8,116,100,0.4,0.5,0.8,0.158
232,Khris Middleton,SF,22,MIL,71,2076,12.9,0.537,0.51,0.147,0.337,2.9,12.2,7.4,12.3,1.9,0.7,11.3,19.1,105,112,1.7,0.8,2.5,0.058
233,Kevin Seraphin,C,24,WAS,46,551,12.9,0.543,0.514,0.148,0,10.2,14.8,12.4,4.9,0.2,3.6,14.5,21.3,102,107,0.3,0.5,0.8,0.071
234,Ray Allen,SG,38,MIA,65,1735,12.8,0.588,0.544,0.219,0.554,1.6,11.6,6.8,11.2,1.4,0.3,12.6,16.8,111,109,2.3,1.2,3.4,0.095
235,Jose Barea,PG,29,MIN,68,1247,12.8,0.486,0.457,0.161,0.35,1.3,10.2,5.6,32.2,0.9,0,14.3,24.3,100,110,0.4,0.7,1.1,0.042
236,Trey Burke,PG,21,UTA,59,1861,12.8,0.477,0.447,0.124,0.382,1.7,9.6,5.5,28.4,1,0.3,12.1,22.2,101,114,0.8,0.1,0.9,0.024
237,Wilson Chandler,SF,26,DEN,59,1849,12.8,0.525,0.499,0.206,0.478,3.3,13.2,8.2,9.3,1.1,1.2,8.4,19.8,107,110,2,1.1,3.1,0.08
238,Nando De Colo,SF,26,TOT,36,348,12.8,0.543,0.49,0.283,0.343,3,14.4,9,15.5,2.3,1.1,18.3,17.8,102,102,0.2,0.6,0.7,0.099
239,Raymond Felton,PG,29,NYK,54,1711,12.8,0.477,0.448,0.191,0.32,3,8.3,5.6,28.1,1.9,1.3,16.5,18.2,102,111,0.9,0.8,1.8,0.05
240,Ricky Ledo,SG,21,DAL,11,33,12.8,0.506,0.441,0.235,0.471,0,7,3.5,9.5,1.5,0,9.6,28.5,99,112,0,0,0,0.024
241,Evan Turner,SF,25,TOT,70,2241,12.8,0.503,0.453,0.269,0.155,2.6,15.6,8.9,17.6,1.4,0.2,14.1,23.5,97,109,-0.1,1.5,1.4,0.029
242,Beno Udrih,SG,31,TOT,37,617,12.8,0.521,0.488,0.178,0.249,1.8,9.4,5.5,28.2,2,0.6,20.2,17.1,104,111,0.4,0.3,0.8,0.059
243,Nate Wolters,PG,22,MIL,58,1309,12.8,0.486,0.46,0.231,0.159,2.8,10.5,6.5,23.4,1.4,0.9,11.7,16.8,105,113,1,0.2,1.2,0.044
244,Dorell Wright,SF,28,POR,57,820,12.8,0.543,0.51,0.24,0.69,3.1,16.1,9.6,9.1,1.2,1,10.4,16.8,110,108,1,0.7,1.7,0.1
245,Avery Bradley,PG,23,BOS,51,1565,12.7,0.503,0.482,0.129,0.222,3,11.1,7,7.9,1.8,0.5,9.6,23.1,99,108,0.2,1.3,1.6,0.048
246,Kendall Marshall,PG,22,LAL,41,1218,12.7,0.499,0.497,0.08,0.425,1.2,9.6,5.4,45,1.2,0.1,25.7,16.3,102,113,0.6,0.2,0.8,0.032
247,Byron Mullens,C,24,TOT,42,373,12.7,0.555,0.551,0.123,0.541,5.7,18,11.8,5.6,1.7,2.3,14.5,20.8,100,106,0.1,0.4,0.5,0.062
248,Luis Scola,PF,33,IND,71,1208,12.7,0.501,0.465,0.258,0.013,6.8,24.1,15.9,9,1,1,15.7,23.5,94,97,-0.6,2.6,2,0.081
249,Tim Hardaway,SG,21,NYK,69,1584,12.6,0.553,0.524,0.174,0.522,1.1,7,4,5.7,1.2,0.4,6.4,19.5,110,113,2.2,0.3,2.5,0.074
250,Andrei Kirilenko,PF,32,BRK,37,681,12.6,0.546,0.539,0.806,0.039,7.9,12.9,10.4,12.4,2.5,1.9,21.5,15.3,102,106,0.3,0.7,1,0.07
251,D.J. White,F,27,CHA,1,4,12.6,,,,,0,28.4,14.1,0,12.9,0,,0,,76,0,0,0,0.224
252,Aaron Brooks,PG,29,TOT,61,1166,12.5,0.517,0.481,0.178,0.444,3.5,6.4,5,22.5,1.7,0.6,15.6,20.9,105,110,1,0.7,1.8,0.072
253,Mike Dunleavy,SF,33,CHI,71,2195,12.5,0.54,0.504,0.196,0.418,2.2,13.3,7.8,12.6,1.4,1.4,11.6,17.3,106,102,1.8,3.5,5.3,0.116
254,Randy Foye,SG,30,DEN,70,2081,12.5,0.554,0.519,0.196,0.587,1.2,8.3,4.7,16.3,1.4,1.2,13.5,18.6,108,111,2.3,1,3.3,0.077
255,Xavier Henry,SF,22,LAL,40,852,12.5,0.509,0.455,0.522,0.23,3,10.7,6.9,9.3,2.4,0.5,12,23.1,97,110,-0.1,0.5,0.4,0.022
256,Jason Smith,PF,27,NOP,31,830,12.5,0.495,0.465,0.177,0,7,18.4,12.6,5.6,0.7,2.9,8.4,18.1,104,111,0.6,0.4,1,0.057
257,C.J. Watson,PG,29,IND,60,1132,12.5,0.538,0.498,0.255,0.427,2,7.2,4.7,14.5,2.5,0.5,13.2,16.2,107,100,1,2.1,3.1,0.13
258,Cody Zeller,C,21,CHA,71,1186,12.5,0.475,0.405,0.414,0.003,9.6,19.4,14.5,10.8,1.6,2.3,14.5,19,98,102,0,1.8,1.8,0.075
259,Wayne Ellington,SG,26,DAL,41,381,12.4,0.559,0.541,0.089,0.48,2.1,10,6.1,7.4,2,0.4,7.9,16.5,111,110,0.5,0.2,0.7,0.085
260,Draymond Green,SF,23,GSW,71,1482,12.4,0.483,0.446,0.312,0.365,5.3,19.2,12.4,11.9,2.9,3,14.6,15,100,97,0.4,3.2,3.6,0.115
261,Greg Oden,C,26,MIA,21,192,12.4,0.57,0.565,0.457,0,12.9,18.2,15.6,0.8,1.9,5,16.6,16.4,106,103,0.2,0.3,0.4,0.111
262,J.R. Smith,SF,28,NYK,62,2004,12.4,0.498,0.484,0.152,0.467,1.6,13,7.1,15.4,1.4,0.7,9.5,20.9,103,111,1.2,0.9,2.1,0.049
263,Lavoy Allen,PF,24,TOT,58,997,12.3,0.471,0.451,0.159,0.047,11.5,19.7,15.4,10.3,1.1,2.3,12.2,14.3,103,109,0.5,0.7,1.3,0.061
264,Pero Antic,PF,31,ATL,40,723,12.3,0.567,0.537,0.216,0.599,6.7,18.8,12.8,10.4,1,1.1,15.3,18.4,105,108,0.6,0.6,1.2,0.081
265,Patrick Beverley,SG,25,HOU,52,1651,12.3,0.533,0.5,0.2,0.524,5.2,7.6,6.4,12.6,2.3,1,10.8,14.7,114,107,2.4,1.6,4,0.117
266,Nick Calathes,SG,24,MEM,59,1002,12.3,0.508,0.492,0.233,0.202,2.1,11.4,6.8,27.2,2.8,0.7,22.8,17,98,104,0,1.4,1.4,0.065
267,Mike Miller,SF,33,MEM,70,1445,12.3,0.614,0.595,0.141,0.523,2.2,12.1,7.2,11.1,0.8,0.2,13.7,14.8,115,108,2.2,1.2,3.4,0.112
268,Kenyon Martin,PF,36,NYK,32,633,12.2,0.521,0.512,0.154,0.008,6.4,18.7,12.4,11.8,2.1,3.7,16.5,11.5,108,106,0.5,0.7,1.2,0.089
269,Gary Neal,SG,29,TOT,43,911,12.2,0.53,0.485,0.219,0.392,1.1,7.8,4.4,12.6,0.7,0,11.4,24,101,114,0.4,0.1,0.6,0.03
270,Omer Asik,C,27,HOU,37,659,12.1,0.544,0.5,0.65,0,12,26.2,19.5,5,0.5,2.7,20.6,13,106,104,0.5,0.9,1.4,0.101
271,Dionte Christmas,SF,27,PHO,28,184,12.1,0.502,0.427,0.4,0.509,7.3,13.3,10.4,6.3,0.5,1.2,5.8,16.4,114,110,0.3,0.1,0.4,0.106
272,Anthony Morrow,SG,28,NOP,64,1067,12.1,0.542,0.522,0.131,0.392,2.2,9.2,5.7,6.1,1.4,0.7,8.6,18.8,107,113,1,0.2,1.2,0.055
273,Derrick Williams,SF-PF,22,TOT,67,1599,12.1,0.532,0.463,0.532,0.21,4.3,15.7,9.9,4.9,1.4,0.9,11.1,16.5,107,109,1.4,1.1,2.6,0.077
274,Dante Cunningham,SF,26,MIN,69,1403,12,0.463,0.453,0.103,0.012,7.1,15,10.9,7.4,1.8,2.6,6.7,14.5,103,105,0.7,1.7,2.4,0.082
275,Maurice Harkless,SF,20,ORL,69,1629,12,0.532,0.511,0.305,0.31,4.1,11.6,7.9,5.8,2.7,1.9,11.7,14.8,102,105,0.6,1.8,2.5,0.073
276,Jerryd Bayless,PG,25,TOT,63,1443,11.9,0.486,0.449,0.208,0.328,1.5,8.9,5.2,19.4,1.8,0.5,10.8,20.1,102,108,0.8,1.3,2.1,0.069
277,Chris Douglas-Roberts,SF,27,CHA,38,718,11.9,0.584,0.541,0.324,0.529,1.6,12.2,6.8,7.6,1.7,1.3,11.4,14.1,110,105,0.7,0.9,1.6,0.106
278,Richard Jefferson,SF,33,UTA,71,1922,11.9,0.578,0.545,0.248,0.457,0.9,10.9,5.8,9.5,1.3,0.5,12.3,17,108,113,2,0.4,2.5,0.061
279,Terrence Ross,SG,22,TOR,68,1779,11.9,0.551,0.53,0.122,0.534,2.2,11.2,6.7,5.6,1.6,1.1,9.9,18.6,106,106,1.6,2,3.5,0.095
280,Ishmael Smith,PG,25,PHO,59,882,11.9,0.431,0.417,0.151,0.081,3.6,11,7.3,25.8,2.7,1,17.7,16.6,96,106,-0.1,0.9,0.8,0.042
281,Ronny Turiaf,PF,31,MIN,23,480,11.9,0.522,0.553,0.447,0,9.6,20.6,14.9,5.9,0.6,6.2,16.5,9.6,107,103,0.3,0.7,1,0.097
282,Jan Vesely,PF,23,TOT,44,590,11.9,0.47,0.492,0.326,0,11.9,15.8,13.9,3,3.4,3.4,15.2,13.4,97,100,0,1,1,0.08
283,Nick Collison,PF,33,OKC,69,1164,11.8,0.606,0.568,0.42,0.07,10.1,13.9,12.1,10.5,1,1.7,19.4,11.1,119,105,1.9,1.4,3.3,0.135
284,Jae Crowder,SF,23,DAL,67,1111,11.8,0.549,0.524,0.198,0.507,3.9,12.9,8.4,7.1,2.5,1.5,11.5,13.4,109,107,1,1,2,0.085
285,Martell Webster,SF,27,WAS,66,1882,11.8,0.59,0.555,0.21,0.631,2,10.2,6,6.9,0.9,0.7,8,14.8,117,109,3,1.3,4.3,0.11
286,Mo Williams,PG,31,POR,65,1609,11.8,0.501,0.473,0.127,0.336,2.5,6.6,4.6,26.9,1.6,0.4,17,20.3,102,110,0.9,0.9,1.8,0.055
287,Steve Blake,PG,33,TOT,44,1249,11.7,0.52,0.498,0.133,0.588,1,10.4,5.7,30.4,1.7,0.4,21.1,14.5,105,110,0.8,0.8,1.6,0.062
288,Caron Butler,SF,33,TOT,44,1100,11.7,0.491,0.462,0.14,0.45,2,18.5,10.1,10.2,1.5,1,10.5,21.9,97,109,-0.1,0.8,0.7,0.032
289,Reggie Evans,PF,33,TOT,45,705,11.7,0.504,0.458,0.942,0,15.6,28.2,21.9,3,2,0.4,20.6,13.8,102,104,0.3,0.9,1.2,0.083
290,Chris Johnson,SF,23,BOS,28,534,11.7,0.575,0.542,0.148,0.613,4.1,9.9,6.9,6.7,1.5,0.4,8.5,13.7,117,109,0.8,0.4,1.2,0.11
291,Michael Kidd-Gilchrist,SF,20,CHA,51,1258,11.7,0.517,0.473,0.515,0.03,7.8,15.6,11.7,5.1,1.4,2,12.5,15.3,104,104,0.7,1.7,2.4,0.09
292,Metta World Peace,SF,34,NYK,29,388,11.7,0.469,0.457,0.113,0.383,5.2,12.8,8.9,7,3.3,1.8,11.4,19.9,94,106,-0.2,0.4,0.3,0.031
293,Leandro Barbosa,PG,31,PHO,20,368,11.6,0.506,0.454,0.298,0.191,1.5,9.7,5.6,13.4,1,0.8,11.4,19.9,103,110,0.2,0.2,0.4,0.058
294,Matt Barnes,SF,33,LAC,52,1371,11.6,0.545,0.525,0.168,0.53,4.1,13.8,9.1,10.6,1.6,1.1,13.5,16.7,105,105,1,1.6,2.6,0.091
295,Donatas Motiejunas,PF,23,HOU,50,749,11.6,0.531,0.507,0.345,0.323,6.4,17.8,12.5,6.2,1.1,1.6,12.3,17.3,106,106,0.6,0.8,1.4,0.092
296,Jarvis Varnado,PF,25,TOT,14,160,11.6,0.584,0.6,0.92,0,9,14,11.4,3.7,1.2,5,10.2,10.3,119,108,0.2,0.1,0.4,0.105
297,Ryan Hollins,PF,29,LAC,57,453,11.5,0.725,0.739,0.725,0,7.2,13.1,10.2,1.9,0.9,4.6,22.9,11.5,116,104,0.6,0.6,1.1,0.121
298,Kyle Singler,SF,25,DET,70,1930,11.5,0.571,0.526,0.299,0.399,5.1,10.1,7.4,4.3,1.3,1.4,11.1,14.1,115,111,2.7,0.9,3.6,0.089
299,Marcus Thornton,SG,26,TOT,61,1451,11.5,0.51,0.483,0.155,0.485,3.7,9.2,6.4,6.7,1.6,0.4,8.5,18.5,104,111,1,0.8,1.7,0.056
300,Rudy Gobert,C,21,UTA,38,391,11.4,0.492,0.456,1.088,0,12.3,27.1,19.5,2.3,1.1,7.1,26.3,13.4,90,104,-0.3,0.5,0.3,0.032
301,Danny Granger,SF,30,TOT,39,821,11.4,0.51,0.455,0.223,0.417,4.4,13,8.9,8,0.7,1.5,12.3,20.7,100,102,0.2,1.3,1.5,0.086
302,Jarrett Jack,PG,30,CLE,69,1915,11.4,0.5,0.456,0.223,0.26,1.2,10,5.5,22.8,1.2,0.8,15.7,17.5,102,111,0.8,1,1.8,0.045
303,Robert Sacre,C,24,LAL,52,784,11.4,0.5,0.47,0.304,0,8.2,16.6,12.4,5.6,1.1,3.7,13.1,15.8,99,109,0.1,0.6,0.7,0.043
304,Corey Brewer,SF,27,MIN,68,2196,11.3,0.535,0.504,0.256,0.282,2.6,6.3,4.4,7.4,2.5,0.9,10.9,16,105,107,1.4,2.1,3.5,0.077
305,Joel Freeland,C,26,POR,51,705,11.3,0.504,0.481,0.188,0.013,13.1,17.6,15.3,6.9,0.7,2.2,16.1,12.2,109,107,0.7,0.6,1.3,0.09
306,O.J. Mayo,SG,26,MIL,52,1346,11.3,0.516,0.484,0.16,0.413,2,8.8,5.2,14.6,1.1,0.8,13.9,23,98,114,0,0.1,0.1,0.003
307,Giannis Antetokounmpo,SF,19,MIL,66,1606,11.2,0.522,0.464,0.482,0.289,4.7,16.3,10.3,12.4,1.6,2.6,18.7,15.2,100,110,0.3,1,1.3,0.038
308,Carl Landry,PF,30,SAC,18,233,11.2,0.563,0.517,0.283,0,7.2,20.6,13.8,3.4,0.7,0.3,11.8,14.4,112,110,0.3,0.1,0.4,0.09
309,Matt Bonner,PF,33,SAS,57,634,11.1,0.585,0.575,0.082,0.623,2.8,17.6,10.6,6,1.2,1.1,9.6,12,113,103,0.7,0.9,1.6,0.121
310,Vitor Faverani,C,25,BOS,37,488,11.1,0.502,0.476,0.252,0.272,9.4,20.2,14.7,5.3,1.5,4.3,20.1,18.6,92,103,-0.3,0.7,0.4,0.037
311,Manny Harris,SG,24,LAL,9,180,11.1,0.485,0.45,0.171,0.286,4.2,15.8,10,9.7,1.1,0.4,10.7,20.5,95,111,-0.1,0.1,0,0.005
312,Steve Novak,PF,30,TOR,45,454,11.1,0.611,0.602,0.042,0.839,1.5,10.7,6.1,3.8,1,0.5,3.2,12.4,126,108,0.8,0.4,1.3,0.133
313,Anthony Randolph,PF,24,DEN,37,477,11.1,0.481,0.417,0.417,0.338,3.8,21.1,12.4,8.1,2.5,2.8,16.4,19.1,93,103,-0.3,0.7,0.4,0.038
314,Austin Rivers,SG,21,NOP,58,1023,11,0.48,0.437,0.37,0.22,2.6,6.9,4.7,16.5,1.8,0.7,12,21,99,113,0.2,0.2,0.4,0.02
315,Thabo Sefolosha,SG,29,OKC,55,1454,11,0.529,0.498,0.203,0.434,3.7,11.5,7.8,7.8,2.6,0.9,12.8,12.1,108,103,1,2,3.1,0.102
316,Steven Adams,C,20,OKC,70,1047,10.9,0.53,0.488,0.7,0,14.4,17.4,15.9,5.2,1.6,4.1,23.4,11.5,106,101,0.7,1.8,2.5,0.113
317,James Anderson,SG,24,PHI,69,2015,10.9,0.533,0.514,0.157,0.485,2.7,11.6,7,9.9,1.6,0.9,12.4,15.6,103,111,0.9,0.8,1.7,0.041
318,Kobe Bryant,SG,35,LAL,6,177,10.9,0.505,0.445,0.288,0.219,1.2,14.3,7.8,35.1,1.9,0.4,29.2,28.7,84,110,-0.4,0.1,-0.3,-0.093
319,Wesley Johnson,SF,26,LAL,67,1900,10.9,0.531,0.512,0.122,0.425,3.3,11.9,7.6,7.7,1.8,2.7,12.2,15.2,100,110,0.4,1.2,1.6,0.041
320,Derek Fisher,SG,39,OKC,69,1182,10.8,0.555,0.526,0.204,0.638,1,8.3,4.9,11.6,2.6,0.1,11.5,14,112,105,1.4,1.5,2.8,0.115
321,Jason Thompson,PF,27,SAC,70,1741,10.8,0.524,0.505,0.288,0,8.4,20.4,14.4,4.2,0.7,2.2,14.5,14.3,104,108,0.9,1.4,2.3,0.063
322,Dewayne Dedmon,C,24,TOT,22,206,10.7,0.591,0.571,0.476,0,7.6,24.4,15.7,2.2,0.2,4.6,19.1,13.1,103,107,0.1,0.2,0.3,0.067
323,Chuck Hayes,C,30,TOT,50,594,10.7,0.474,0.435,0.213,0.009,11.7,22,16.8,7,2.4,0.8,18,10.9,104,102,0.3,0.9,1.2,0.097
324,E'Twaun Moore,SG,24,ORL,68,1303,10.7,0.503,0.484,0.129,0.356,2.1,7.7,4.9,11.3,2.1,0.7,10.1,16.2,100,109,0.3,1,1.3,0.047
325,Shabazz Muhammad,SG,21,MIN,31,248,10.7,0.456,0.41,0.34,0.085,10.1,10.9,10.5,2.6,1.6,0.3,11,23.4,94,108,-0.1,0.2,0.1,0.013
326,Toure' Murry,SF,24,NYK,44,303,10.7,0.47,0.446,0.314,0.069,4.5,10.8,7.5,21.4,2.6,0.3,19.4,22,92,109,-0.3,0.2,0,-0.007
327,Steve Nash,PG,39,LAL,11,244,10.7,0.466,0.411,0.228,0.266,1.3,7.8,4.6,35.6,1.2,0.3,20.9,19.7,96,114,-0.1,0,0,-0.008
328,Luke Babbitt,PF,24,NOP,16,266,10.6,0.531,0.524,0.048,0.702,4.7,16.8,10.7,6.8,0.4,2.2,9.5,16.2,108,112,0.2,0.1,0.3,0.06
329,Kent Bazemore,SG,24,TOT,59,683,10.6,0.506,0.486,0.345,0.396,1.1,12.7,7,14.6,2.4,1.2,17.2,22.7,91,106,-0.7,0.7,0.1,0.004
330,Cartier Martin,SF,29,TOT,50,724,10.6,0.566,0.537,0.228,0.598,1.6,12.4,7,5.4,1.4,0.6,10.7,16.9,104,109,0.4,0.5,0.9,0.062
331,Alexey Shved,SG,25,MIN,56,606,10.6,0.45,0.383,0.369,0.425,3.4,10.2,6.7,13.2,2.1,2,13.6,20.2,94,106,-0.3,0.6,0.3,0.026
332,Matthew Dellavedova,SG,23,CLE,61,991,10.5,0.519,0.487,0.171,0.504,3.1,8.4,5.7,20.6,1.5,0.4,15.5,13.4,109,111,0.9,0.5,1.5,0.071
333,Viacheslav Kravtsov,C,26,PHO,20,59,10.5,0.54,0.533,0.533,0,17.2,15.1,16.1,2.5,0,1.3,24.5,18.2,98,110,0,0,0,0.026
334,Daniel Orton,C,23,PHI,22,251,10.5,0.54,0.447,0.638,0,6.5,20,13,8.6,1.2,5.1,23,13.1,99,107,0,0.2,0.3,0.049
335,Perry Jones,PF,22,OKC,57,730,10.4,0.56,0.539,0.25,0.345,3.9,12.2,8.2,4.9,1,2.1,10.1,12.5,112,106,0.8,0.8,1.6,0.104
336,Quincy Pondexter,SG,25,MEM,15,270,10.4,0.52,0.462,0.329,0.43,4.4,7,5.7,11.1,1,0.3,14.2,18.1,104,109,0.2,0.2,0.4,0.064
337,Anthony Tolliver,PF,28,CHA,58,1205,10.4,0.597,0.578,0.134,0.797,2.9,10.9,6.9,4.5,0.8,1,6.7,12,117,107,1.6,1.1,2.7,0.106
338,Dwight Buycks,PG,24,TOR,13,124,10.3,0.456,0.402,0.22,0.366,2.8,15.9,9.3,12.7,2.5,0,11.8,18.6,97,103,0,0.2,0.2,0.061
339,Kirk Hinrich,PG,33,CHI,62,1813,10.3,0.494,0.46,0.202,0.389,1.7,8.7,5.3,22.4,1.9,1,16.2,17.1,99,102,0.2,2.8,3,0.079
340,JaVale McGee,C,26,DEN,5,79,10.3,0.455,0.447,0.026,0,13.6,9.6,11.6,4.4,0.6,6.5,17.2,25.1,87,108,-0.1,0.1,-0.1,-0.039
341,Andrew Nicholson,PF,24,ORL,65,981,10.2,0.486,0.459,0.14,0.223,5.5,20,12.7,3.4,0.8,1.8,10.9,20,94,107,-0.5,0.9,0.4,0.021
342,Francisco Garcia,SF,32,HOU,46,893,10.1,0.535,0.531,0.07,0.704,2.4,9.9,6.4,8.1,1.4,2.4,9.7,13.7,109,107,0.8,0.8,1.6,0.088
343,Gerald Wallace,SF,31,BOS,58,1416,10.1,0.543,0.546,0.439,0.278,2.8,14.3,8.4,15,2.7,0.8,26.1,11.6,95,105,-0.3,1.7,1.4,0.047
344,Darrell Arthur,SF,25,DEN,59,997,10,0.478,0.443,0.161,0.098,4.9,14.7,9.7,8.8,1.5,2.8,11.8,17.4,98,107,0,0.9,0.9,0.045
345,Rashard Lewis,SF,34,MIA,48,752,10,0.534,0.521,0.107,0.607,2.9,10.4,6.8,8.1,3,0.9,13.3,12.8,103,106,0.3,0.8,1.1,0.073
346,Keith Bogans,SG,33,BOS,6,55,9.9,0.82,0.75,0.5,1,0,6.3,3.1,7.8,0.9,0,12,6.7,153,112,0.1,0,0.1,0.126
347,Evan Fournier,SG,21,DEN,65,1216,9.9,0.524,0.494,0.222,0.415,2.5,12.6,7.5,11.5,1.3,0.4,15.1,19.8,99,110,0.2,0.7,0.9,0.034
348,Nazr Mohammed,C,36,CHI,69,504,9.9,0.42,0.398,0.265,0,14.8,22.1,18.5,5.8,1.4,4.1,21.7,14.7,88,97,-0.5,1.1,0.6,0.058
349,Travis Outlaw,SF,29,SAC,51,756,9.9,0.486,0.45,0.174,0.358,4.6,14.8,9.6,5.1,0.9,2,7.5,14.7,105,109,0.5,0.5,1,0.061
350,Derrick Rose,PG,25,CHI,10,311,9.9,0.446,0.402,0.195,0.287,3.3,8.2,5.8,26.5,0.9,0.2,16,31.3,88,105,-0.6,0.4,-0.2,-0.033
351,Jeff Ayres,PF,26,SAS,62,789,9.8,0.587,0.561,0.302,0,10.7,19.5,15.3,8.6,0.7,1.5,26.2,12.3,106,103,0.5,1.1,1.7,0.103
352,A.J. Price,SG,27,MIN,28,99,9.8,0.469,0.478,0.043,0.478,1.1,10.2,5.5,21.6,0.5,0,13,23.1,93,111,-0.1,0,0,-0.01
353,Iman Shumpert,SG,23,NYK,62,1641,9.8,0.492,0.468,0.139,0.49,4.5,14.7,9.4,10.4,2.3,0.6,14.3,14,101,109,0.5,1.2,1.7,0.05
354,Allen Crabbe,SG,21,POR,14,71,9.7,0.542,0.52,0.16,0.52,0,6.1,3,8.4,0.7,0,10.1,18.2,106,113,0.1,0,0.1,0.051
355,Greg Stiemsma,C,28,NOP,46,819,9.7,0.626,0.624,0.271,0,9,17.3,13.1,5.1,1.6,4.6,26.9,7.2,112,108,0.6,0.7,1.3,0.077
356,Quincy Acy,SF,23,TOT,54,731,9.6,0.518,0.479,0.345,0.101,8.4,20,14.2,5,1.3,2.8,15.9,9.8,108,106,0.5,0.8,1.2,0.081
357,Joel Anthony,C,31,TOT,27,102,9.6,0.383,0.35,0.1,0,11.1,19.4,15.3,0,0.5,7.2,8.7,10.2,94,104,0,0.1,0.1,0.052
358,Harrison Barnes,SF,21,GSW,67,1898,9.6,0.485,0.442,0.274,0.276,3.3,12,7.7,7.4,1.4,0.6,9.8,16.7,100,104,0.4,2.4,2.8,0.071
359,Aron Baynes,C,27,SAS,47,426,9.6,0.459,0.427,0.133,0,14.3,19.2,16.8,11.1,0.2,0.7,17.9,19.6,96,105,-0.1,0.5,0.4,0.05
360,Solomon Hill,SF,22,IND,23,169,9.6,0.585,0.563,0.156,0.594,6.3,14.4,10.6,8.9,1.2,0.9,24.3,12.2,102,100,0.1,0.3,0.4,0.103
361,Ian Mahinmi,C,27,IND,67,1087,9.6,0.509,0.446,0.741,0.006,9.8,12.3,11.1,2.7,1.9,4.4,17.9,11.2,102,96,0.3,2.5,2.8,0.125
362,Chris Singleton,SF,24,WAS,22,242,9.6,0.486,0.432,0.348,0.288,8.4,17.1,12.6,3.6,1.9,1,16.5,16.9,95,105,-0.1,0.3,0.2,0.043
363,Hedo Turkoglu,SF,34,LAC,29,300,9.6,0.448,0.441,0.191,0.412,3.9,21.6,13,14.1,2.5,2,17.8,13.2,94,100,-0.1,0.5,0.4,0.069
364,Shawne Williams,PF,27,LAL,36,751,9.6,0.503,0.49,0.104,0.672,3.6,19.9,11.8,5.8,1.2,2.8,9.5,12.9,100,108,0.1,0.6,0.8,0.048
365,Alan Anderson,SF,31,BRK,69,1558,9.5,0.516,0.477,0.216,0.517,2.7,8.8,5.7,7.6,1.5,0.5,9.7,15.9,103,110,0.7,0.9,1.6,0.05
366,Norris Cole,PG,25,MIA,69,1687,9.3,0.512,0.487,0.141,0.339,1.2,8.7,5.1,16.8,2,0.2,18.9,16,97,109,-0.1,1.2,1.1,0.032
367,Darius Morris,PG,23,TOT,27,313,9.3,0.498,0.469,0.271,0.396,2.5,6.8,4.6,21.7,2.1,0,20.1,18.5,95,110,-0.1,0.2,0,0.007
368,Hollis Thompson,SF,22,PHI,66,1466,9.3,0.553,0.528,0.212,0.411,4.6,11.2,7.8,5.8,1.4,0.5,12.4,11.3,108,112,1,0.5,1.5,0.05
369,Louis Amundson,PF,31,NOP,18,184,9.2,0.446,0.5,0.75,0,17.3,17.2,17.3,4.7,2.5,5,24.8,13.9,91,105,-0.1,0.2,0.1,0.024
370,Meyers Leonard,C,21,POR,33,328,9.2,0.49,0.45,0.25,0.075,7.3,25.9,16.7,7.4,1.1,1.1,13.6,13.6,103,105,0.2,0.4,0.6,0.081
371,Quincy Miller,SF,21,DEN,41,522,9.2,0.477,0.439,0.26,0.329,6.2,15.1,10.7,4,1.2,2.3,15.4,18.6,92,108,-0.3,0.4,0.1,0.006
372,Kentavious Caldwell-Pope,SG,20,DET,68,1365,9.1,0.482,0.457,0.14,0.408,2,8.9,5.3,5.3,2.5,0.4,6,13.6,105,109,0.7,0.9,1.6,0.057
373,Earl Clark,PF,26,TOT,54,768,9.1,0.466,0.45,0.13,0.467,3.1,18.3,10.5,3.7,1.1,2.8,10.1,17.9,93,107,-0.4,0.7,0.3,0.02
374,Jared Dudley,SF,28,LAC,64,1562,9,0.541,0.535,0.114,0.512,2.4,7.3,5,8.6,1.2,0.4,10.4,13.4,107,109,1.1,1.2,2.3,0.07
375,Othyus Jeffers,SG,28,SAS,4,34,9,0.595,0.6,0.4,0.2,3.5,15.8,10,3.9,0,0,0,7.8,131,107,0.1,0,0.1,0.121
376,Robbie Hummel,SF,24,MIN,40,408,8.9,0.465,0.447,0.061,0.553,6.1,19.6,12.6,3.5,1.1,0.4,4.9,12.8,105,107,0.2,0.4,0.6,0.072
377,C.J. McCollum,SG,22,POR,32,440,8.9,0.519,0.497,0.182,0.461,1.7,8.8,5.3,8,1.5,0.3,15.2,20.7,95,110,-0.1,0.3,0.1,0.015
378,Shane Battier,SF,35,MIA,63,1278,8.8,0.515,0.504,0.086,0.771,3.2,8.7,6,6,1.7,2.4,5.2,10,111,108,1,1.1,2.1,0.078
379,Archie Goodwin,SG,19,PHO,48,490,8.8,0.473,0.438,0.301,0.216,5.1,13.7,9.4,5.5,1.7,1.7,18.4,19,88,107,-0.5,0.5,-0.1,-0.006
380,Reggie Bullock,SF,22,LAC,35,329,8.7,0.496,0.481,0.085,0.566,3.5,12.1,8,3.5,1.2,0.2,8.3,16.1,99,107,0,0.3,0.3,0.048
381,Shavlik Randolph,PF,30,PHO,7,40,8.7,0.524,0.5,1.25,0,5.6,25.1,15.4,0,2.5,0,19.5,16.9,92,103,0,0.1,0,0.04
382,Ian Clark,SG,22,UTA,15,110,8.6,0.489,0.466,0.159,0.455,3,10.7,6.8,12.4,1.4,1.4,16,23.3,91,112,-0.1,0,-0.1,-0.028
383,Andre Roberson,PF,22,OKC,32,307,8.6,0.497,0.472,0.185,0.185,11.6,15.7,13.7,5.8,2.6,1.9,22.5,10.8,101,101,0.1,0.5,0.6,0.093
384,Bernard James,C,28,DAL,29,145,8.5,0.503,0.478,0.478,0.043,12,21.5,16.7,2.8,1.1,4.6,26.4,11.8,95,106,0,0.2,0.1,0.04
385,Ray McCallum,PG,22,SAC,33,391,8.5,0.452,0.419,0.138,0.236,3.1,9.1,6.1,15.4,0.8,0.8,10.9,16.5,99,112,0.1,0.1,0.2,0.023
386,Luke Ridnour,PG,32,TOT,50,946,8.5,0.435,0.423,0.081,0.324,2.6,7.7,5,24.5,1.5,0.6,17.3,16.3,92,113,-0.5,0.2,-0.3,-0.015
387,Lorenzo Brown,SG,23,PHI,26,224,8.3,0.349,0.32,0.151,0.349,3.7,10,6.7,27.7,2.8,1.1,14.9,20.2,82,109,-0.5,0.2,-0.3,-0.066
388,Luc Mbah a Moute,PF-SF,27,TOT,53,802,8.3,0.5,0.459,0.393,0.09,6.1,10.4,8.2,5.5,1.6,1.1,16.2,10.8,101,108,0.2,0.6,0.8,0.048
389,Landry Fields,SF,25,TOR,28,303,8.2,0.434,0.391,0.344,0.078,5.7,16.1,10.9,9.4,1.4,0.5,12,12.5,98,105,0,0.4,0.4,0.056
390,Alex Len,C,20,PHO,37,331,8.2,0.49,0.444,0.431,0,12.6,17.5,15.1,1.7,0.5,3.6,20.4,14.3,97,107,0,0.3,0.3,0.043
391,Jason Maxiell,PF,30,ORL,33,483,8.2,0.466,0.456,0.262,0,6.5,13.3,9.9,2.8,0.8,3.1,10.9,12.1,96,108,-0.1,0.4,0.3,0.032
392,Diante Garrett,PG,25,UTA,60,895,8.1,0.482,0.471,0.053,0.338,1.2,10.3,5.6,18.3,2.1,0.3,22.1,15.3,90,112,-0.7,0.3,-0.4,-0.02
393,Roger Mason,SG,33,MIA,25,260,8.1,0.528,0.5,0.104,0.716,0.5,9.7,5.3,10.3,1.2,0.3,11.4,14.4,103,110,0.1,0.1,0.3,0.05
394,Alonzo Gee,SF,26,CLE,54,855,8,0.492,0.453,0.242,0.28,3.3,12.5,7.8,7.2,2,1,15.5,12.4,97,108,-0.1,0.7,0.6,0.036
395,Udonis Haslem,PF,33,MIA,35,406,8,0.467,0.442,0.36,0,9,21.6,15.6,3.1,0.6,2.1,12.3,13.3,98,107,0,0.4,0.4,0.05
396,Shane Larkin,PG,21,DAL,45,483,8,0.438,0.414,0.187,0.276,2.6,7.4,5,20.3,2.8,0.2,21.2,17.2,89,109,-0.5,0.3,-0.2,-0.017
397,Tayshaun Prince,SF,33,MEM,67,1747,8,0.435,0.424,0.118,0.141,1.7,11.8,6.8,9,1.1,0.8,7.4,13.2,96,107,-0.3,1.6,1.3,0.037
398,Donald Sloan,SG,26,IND,38,253,7.9,0.428,0.406,0.219,0.406,0.9,12.2,6.8,17.9,1.8,0.3,16.6,15.1,89,100,-0.2,0.5,0.3,0.048
399,Antawn Jamison,PF,37,LAC,22,248,7.8,0.408,0.359,0.272,0.446,4.2,20,12.4,4.1,1.8,0.9,6.4,19.6,89,103,-0.2,0.4,0.1,0.022
400,Willie Green,SG,32,LAC,49,790,7.7,0.484,0.457,0.13,0.451,1.6,8.3,5.1,8.6,1.3,1.1,10.3,16.3,97,108,0,0.7,0.6,0.039
401,Elias Harris,SF,24,LAL,2,11,7.7,0,0,0,0,9.7,0,4.8,11.6,4.4,0,0,4,92,110,0,0,0,0.018
402,Tony Snell,SG,22,CHI,65,1142,7.7,0.48,0.46,0.117,0.537,1.8,9.5,5.7,9.6,1.2,0.9,11.3,15,96,104,-0.2,1.5,1.4,0.058
403,Garrett Temple,SG,27,WAS,65,622,7.7,0.427,0.379,0.309,0.206,3.6,8.7,6.1,16.3,2.9,1.4,21.4,14.2,88,104,-0.5,0.8,0.2,0.018
404,Ekpe Udoh,PF,26,MIL,38,733,7.7,0.438,0.394,0.341,0,8.7,12.9,10.7,5.7,1,4.4,18.7,11.5,92,111,-0.3,0.4,0,0.002
405,Al Harrington,PF,33,WAS,23,353,7.5,0.47,0.44,0.162,0.479,3.5,13.4,8.3,9.3,1.3,0,14.1,22.5,90,108,-0.4,0.3,0,-0.006
406,Phil Pressey,PG,22,BOS,64,874,7.5,0.369,0.342,0.181,0.42,1.8,8.7,5.1,28.3,2.9,0.4,23.5,13.8,85,106,-1,0.9,-0.1,-0.007
407,John Salmons,SG-SF,34,TOT,66,1517,7.5,0.446,0.425,0.114,0.39,1.4,10,5.6,12.6,1.4,0.9,10.9,12.8,98,108,0,1.3,1.3,0.041
408,Jason Terry,PG,36,BRK,35,570,7.5,0.501,0.49,0.099,0.678,0.8,6.9,3.9,15.5,1.2,0,14.5,15.3,98,112,0,0.2,0.2,0.018
409,Chase Budinger,SF,25,MIN,34,607,7.4,0.463,0.443,0.11,0.462,2.6,11.9,7,5.4,0.9,0.1,7.9,16.7,96,110,-0.1,0.4,0.3,0.021
410,Luigi Datome,SF,26,DET,29,193,7.3,0.399,0.388,0.071,0.4,6.5,12,9.1,6.3,1.3,0.4,9.3,21.4,88,111,-0.2,0.1,-0.2,-0.038
411,Aaron Gray,C,29,TOT,33,314,7.3,0.468,0.44,0.4,0.02,12.5,21.1,16.8,8.8,1.3,2.1,31.5,12,89,106,-0.2,0.3,0.1,0.014
412,Toney Douglas,PG,27,TOT,38,378,7.1,0.478,0.466,0.127,0.636,2.2,10.7,6.6,13,1.2,0.9,14.4,17.3,95,106,-0.1,0.4,0.3,0.034
413,Ben McLemore,SG,20,SAC,70,1740,7.1,0.471,0.438,0.169,0.439,3,10,6.5,5.7,1.2,0.6,11.9,16.8,95,111,-0.5,0.8,0.3,0.008
414,Ronnie Price,SG,30,ORL,27,308,7,0.385,0.364,0.129,0.471,2.5,11,6.7,20.3,3.5,0.5,21.3,13.9,83,105,-0.4,0.4,0,-0.007
415,Dennis Schroeder,PG,20,ATL,39,509,6.9,0.462,0.43,0.221,0.195,1.1,10.4,5.8,22.5,1.3,0,22.3,18.8,87,110,-0.7,0.3,-0.4,-0.037
416,Anthony Bennett,SF,20,CLE,51,647,6.8,0.423,0.381,0.306,0.242,8.1,17.8,12.8,4.1,1.7,1,15.6,20.3,85,107,-1,0.6,-0.4,-0.031
417,Darius Miller,SF,23,NOP,33,389,6.7,0.53,0.487,0.237,0.579,1.8,8.1,4.9,7.6,1.1,1.1,11.6,11.1,108,114,0.3,0,0.3,0.038
418,Arnett Moultrie,PF,23,PHI,12,187,6.7,0.448,0.421,0.132,0,6,14.3,10,1.5,2.1,1.7,14.8,10.6,89,109,-0.1,0.1,0,0.008
419,Glen Rice,SG,23,WAS,11,109,6.7,0.399,0.365,0.189,0.459,4.1,17.3,10.6,9.3,2.8,0.7,18.3,20.2,78,103,-0.3,0.2,-0.1,-0.046
420,Elliot Williams,SG,24,PHI,56,888,6.7,0.488,0.429,0.375,0.395,2.7,10.6,6.4,8.2,1.4,0.1,15.7,16.3,93,113,-0.4,0.2,-0.2,-0.01
421,Doron Lamb,SG,22,ORL,42,469,6.6,0.503,0.465,0.186,0.513,1.4,8.6,5,8.9,0.8,0,12.8,13.6,98,112,0,0.2,0.2,0.017
422,Julyan Stone,SG,25,TOR,21,120,6.6,0.491,0.471,0.176,0.471,1.9,17.4,9.6,14.5,1.3,0,21.4,8.8,101,105,0,0.1,0.2,0.063
423,Victor Claver,SF,25,POR,15,142,6.5,0.507,0.448,0.276,0.483,3.1,20.5,11.8,7.8,0.4,1.5,23.5,13,91,108,-0.1,0.1,0,0.014
424,Ben Gordon,SG,30,CHA,19,279,6.5,0.422,0.38,0.194,0.269,1.2,9.8,5.5,12.3,1.9,0.6,15.2,22.8,80,106,-0.7,0.3,-0.4,-0.062
425,Eric Maynor,PG,26,TOT,31,327,6.3,0.387,0.376,0.109,0.366,3,10.6,6.7,23.1,1.4,0.7,21.5,18.1,82,109,-0.6,0.2,-0.4,-0.06
426,Kendrick Perkins,C,29,OKC,54,1066,6,0.467,0.442,0.343,0.012,7.9,19.8,14.1,7.9,1.1,2.2,30,11.7,86,103,-1,1.6,0.6,0.025
427,Jeffery Taylor,SF,24,CHA,26,629,6,0.436,0.417,0.216,0.307,2.7,8.1,5.4,5.7,1.1,0.6,9.5,19.3,86,108,-0.8,0.5,-0.3,-0.022
428,Brandon Davies,PF,22,PHI,40,441,5.9,0.438,0.385,0.407,0.033,6.5,12.2,9.2,7.5,2.1,1.1,20.1,12.8,87,110,-0.4,0.3,-0.1,-0.013
429,Solomon Jones,PF,29,ORL,11,85,5.8,0.373,0.353,0.235,0,10.5,10.6,10.6,3.4,1.2,1.8,9.6,11.1,91,109,0,0.1,0,0.013
430,Adonis Thomas,SF,20,ORL,4,24,5.8,0.371,0.333,0.111,0.333,0,14.1,7,13.2,0,0,0,17.9,88,112,0,0,0,-0.032
431,Tyshawn Taylor,PG,23,BRK,23,270,5.5,0.427,0.357,0.33,0.132,1.3,5.3,3.3,21.6,2.3,0.3,22.9,23.5,80,110,-0.7,0.2,-0.5,-0.095
432,Gal Mekel,PG,25,DAL,31,292,5.4,0.4,0.378,0.14,0.233,2,8.7,5.3,30.1,0.7,0.3,25.4,19,84,113,-0.5,0.1,-0.4,-0.073
433,Chauncey Billups,SG,37,DET,19,309,5.3,0.427,0.392,0.152,0.608,1.3,9,5,18.6,1.3,0.3,22.9,15.1,87,112,-0.3,0.1,-0.2,-0.036
434,Orlando Johnson,SG,24,TOT,45,392,5.3,0.402,0.358,0.23,0.416,2.7,12.5,7.8,7.7,0.8,0.4,10.8,16.1,86,103,-0.4,0.6,0.1,0.015
435,John Lucas,PG,31,UTA,41,587,5.1,0.398,0.386,0.085,0.439,2.3,5.4,3.8,11.2,1.3,0,10.1,17,86,115,-0.7,0,-0.7,-0.059
436,Hasheem Thabeet,C,26,OKC,18,145,4.8,0.619,0.667,0.278,0,7.4,19.2,13.6,1,1,3.4,35.3,9.5,87,102,-0.1,0.2,0.1,0.043
437,John Jenkins,SG,22,ATL,13,158,4.7,0.457,0.429,0.095,0.429,2.2,13.9,8.1,10.4,0.3,0.5,20.1,15.7,83,111,-0.2,0.1,-0.2,-0.046
438,Chris Babb,SG,23,BOS,7,70,4.6,0.533,0.533,0,0.867,1.6,11.5,6.4,2.1,0,0,11.8,10.8,100,112,0,0,0,0.022
439,James Nunnally,SF,23,TOT,9,116,4.6,0.396,0.368,0.176,0.529,1,11.8,6.3,5,1.3,1.4,9.8,15.4,80,111,-0.2,0.1,-0.1,-0.051
440,Brandon Rush,SG,28,UTA,37,412,4.4,0.438,0.432,0.057,0.523,1.1,10.3,5.6,8.3,0.6,1.7,16.6,12,85,114,-0.4,0.1,-0.3,-0.039
441,Otto Porter,SF,20,WAS,31,257,4.1,0.348,0.328,0.125,0.203,5.3,12.9,9,4.9,1.6,0.3,11.8,13.4,78,107,-0.4,0.2,-0.2,-0.03
442,Josh Childress,SF,30,NOP,4,24,3.9,,,,,0,14.7,7.2,10.6,2.2,0,100,1.9,68,111,0,0,0,-0.003
443,Earl Watson,PG,34,POR,20,129,3.9,0.685,0.571,0.571,0.714,4.2,5,4.6,22.7,2,0.5,63.1,8,89,109,-0.1,0.1,0,0.004
444,Carrick Felix,SG,23,CLE,6,26,3.8,0.461,0.375,0.5,0.25,4.2,13.3,8.6,6,0,0,23.5,21.9,80,113,-0.1,0,-0.1,-0.102
445,Arinze Onuaku,PF,26,TOT,5,30,3.8,0.255,0.2,0.4,0,7.6,23.4,15.4,13.4,0,0,14.5,10.4,81,112,0,0,0,-0.043
446,Marquis Teague,SG,20,TOT,33,354,3.6,0.391,0.333,0.313,0.152,0.3,10,5.2,20.8,1,0.9,21,18.7,78,106,-0.8,0.4,-0.4,-0.056
447,Ronnie Brewer,SF,28,HOU,23,158,3.5,0.22,0.233,0.133,0.533,1.5,8,5,8.3,1.9,0.5,11.2,5,77,108,-0.1,0.1,0,0.006
448,Tornike Shengelia,SF,22,TOT,24,152,3.4,0.457,0.462,0.308,0.231,3.1,9.3,6.2,14.2,0.7,0.6,28.9,12.8,81,111,-0.2,0.1,-0.1,-0.045
449,Mike Muscala,C,22,ATL,9,71,3.3,0.321,0.308,0.038,0.038,9.8,21.1,15.5,2.1,1.4,5.5,13.1,19.4,70,103,-0.2,0.1,-0.1,-0.086
450,Malcolm Thomas,PF,25,TOT,6,40,3.1,0.276,0.3,0.2,0.2,11.4,36.2,24.2,7.5,0,5.5,35.5,19.2,54,102,-0.2,0.1,-0.2,-0.195
451,Hamady N'Diaye,C,27,SAC,14,74,2.9,0.318,0.333,0.111,0,7.6,20.1,13.8,5.6,0,4.4,24.1,7.4,79,108,-0.1,0.1,0,-0.007
452,Andris Biedrins,C,27,UTA,6,45,2.4,0.412,1,6,0,5,39.3,21.7,0,0,0,35.5,5.7,63,108,-0.1,0,0,-0.029
453,Jamaal Franklin,SG,22,MEM,19,151,2.3,0.404,0.386,0.057,0.257,3.1,13.2,8.2,5.7,1.4,1.1,21.8,14.1,75,106,-0.3,0.2,-0.1,-0.039
454,Sergey Karasev,SF,20,CLE,20,146,2.2,0.453,0.375,0.313,0.563,0,11.8,5.8,5,1.1,0.6,21.6,14.2,79,110,-0.2,0.1,-0.1,-0.048
455,Shannon Brown,SG,28,TOT,21,179,2.1,0.356,0.327,0.265,0.041,3.2,11.3,7.4,5.4,2.4,0,19.2,17.3,68,106,-0.5,0.2,-0.4,-0.094
456,Jamaal Tinsley,PG,35,UTA,8,110,1.9,0.225,0.225,0,0.75,2,9.6,5.7,29.6,1,0,31,12.1,69,114,-0.3,0,-0.3,-0.119
457,Mike James,PG,38,CHI,11,77,1.6,0.251,0.262,0.095,0.238,0,10.1,5.1,34.3,1.4,0,18.6,16,70,104,-0.2,0.1,-0.1,-0.073
458,Sasha Vujacic,SG,29,LAC,2,10,1.6,0.5,0.5,0,0.4,0,32.3,16.7,0,5,0,37.5,35.4,55,93,-0.1,0,-0.1,-0.286
459,Vander Blue,SG,21,BOS,3,15,0.6,0.403,0.5,1.25,0.25,0,22.9,11.2,10.7,0,0,24.4,24.2,64,109,-0.1,0,-0.1,-0.208
460,Lance Thomas,SF,25,NOP,5,42,0.5,0.279,0.222,0.444,0,5.4,14,9.6,9.7,0,0,15.7,13.8,71,115,-0.1,0,-0.1,-0.116
461,Jason Collins,C,35,BRK,12,95,0.3,0.354,0.333,0.222,0,3.8,5,4.4,6,3.3,0.9,37.8,7.8,65,107,-0.2,0.1,-0.1,-0.037
462,Ryan Gomes,SF,31,OKC,5,34,0.2,0.375,0.375,0,0.25,0,12.6,6.6,4.1,0,0,11.1,11.7,76,109,0,0,0,-0.035
463,Stephen Jackson,SF,35,LAC,9,107,0.2,0.27,0.25,0.154,0.538,2.2,8.1,5.2,6.2,2.8,0.7,17.8,14,59,105,-0.3,0.1,-0.2,-0.097
464,Erik Murphy,C,23,CHI,24,62,0.2,0.231,0.231,0,0.231,3.7,10.8,7.3,4.9,0,5,13.3,11.1,58,103,-0.2,0.1,-0.1,-0.055
465,Justin Hamilton,C,23,CHA,1,4,0,,,,,0,0,0,0,12.9,0,100,11.5,0,85,0,0,0,-0.193
466,Chris Smith,PG,26,NYK,2,2,0,,,,,0,0,0,0,0,0,,0,,118,0,0,0,-0.021
467,Shane Edwards,F,26,CLE,2,12,-1,0.333,0.333,0,0,9.1,9.6,9.4,0,0,0,25,14.8,64,114,0,0,0,-0.144
468,Ognjen Kuzmic,C,23,GSW,19,61,-1.1,0.32,0.273,0.636,0,14.5,10.5,12.5,4.3,0.8,4.9,41.5,17.3,60,102,-0.3,0.1,-0.2,-0.147
469,Nemanja Nedovic,SG,22,GSW,23,142,-1.7,0.306,0.244,0.205,0.462,2.3,9.1,5.8,12.2,0,0.5,23.4,17.2,64,108,-0.5,0.1,-0.4,-0.131
470,Jared Cunningham,SG,22,ATL,5,22,-1.8,0.347,0.5,1,0.5,0,5.2,2.6,18.7,0,0,41,10.1,64,115,-0.1,0,-0.1,-0.115
471,Peyton Siva,SG,23,DET,15,78,-2.2,0.389,0.389,0,0.333,1.3,10.4,5.6,15,1.9,1,59.1,12.1,49,110,-0.3,0,-0.3,-0.168
472,Mustafa Shakur,G,29,OKC,3,11,-8.7,0.129,0,0.667,0.333,0,0,0,45,0,0,34,23.6,52,113,-0.1,0,-0.1,-0.341
473,Royal Ivey,SG,32,OKC,2,5,-16.5,0,0,0,0.5,0,21.4,11.2,0,0,0,0,17.6,0,106,0,0,0,-0.356
474,Casper Ware,G,24,PHI,1,10,-16.8,0,0,0,0.667,0,11.2,5.3,0,0,0,25,16.8,0,115,-0.1,0,-0.1,-0.443
475,Royce White,F,22,SAC,2,2,-19.8,0,0,0,0,0,0,0,0,0,0,0,22,0,117,0,0,0,-0.519
476,Darius Johnson-Odom,G,24,PHI,3,15,-23,0,0,0.286,0.429,0,14.9,7.1,8.6,3.2,0,20.2,27.7,6,107,-0.2,0,-0.2,-0.656
477,James Southerland,SF,23,CHA,1,3,-40.5,0,0,0,0.333,0,0,0,0,0,0,0,46.1,0,113,-0.1,0,-0.1,-1.126